Metabolite.name.mod,HyPea.7404_1,HyPep.4601N_3,HyPep.7504_1,HyPep.7504_2,HyPep.7504_3,HyPep.YE_1,HyPep.YE_2,HyPep.YE_3,HY.YEST.412_1,HY.YEST.412_2,HY.YEST.412_3,HyPea.7404_2,HY.YEST.466_1,HY.YEST.466_2,HY.YEST.466_3,HY.YEST.503_1,HY.YEST.503_2,HY.YEST.503_3,HY.YEST.555_1,HY.YEST.555_2,HY.YEST.555_3,HyPea.7404_3,HyPep.1510_1,HyPep.1510_2,HyPep.1510_3,HyPep.1510_4,HyPep.4601N_1,HyPep.4601N_2
(-)-Citramalic acid,-0.070174981,-0.329789604,-0.254160975,-0.238726422,-0.444420892,-0.046283486,0.152877476,0.029695456,0.446010917,1.398522077,0.257730121,-0.100805936,0.770010567,-0.711876591,1.221241695,-0.288932372,-0.29693272,-0.241302427,0.16529921,0.638919223,0.378964799,-0.031270565,-0.211889718,-0.220011034,-0.21962386,-0.219619923,-0.600958658,-0.463769987
(-)-Riboflavin,-0.328892723,-0.452148723,-0.49514687,-0.460692179,-0.614634621,-0.588919878,-0.537311936,-0.570235573,1.941979417,2.591922538,2.514396765,-0.480570778,1.604650997,1.673861016,1.377206598,-0.528199848,-0.682548605,-0.649168977,-0.369723637,-0.327823372,0.054128317,-0.503129582,-0.581751124,-0.650474498,-0.645443965,-0.637525061,-0.636500983,-0.648023054
"(1S,8R,9R)-8-hydroxy-4-(propan-2-ylidene)-10-oxatricyclo[7.2.1.01,5]dodecane-8-carboxylic acid",5.114334595,-0.452889207,0.04292334,-0.540472755,-0.357347027,-0.649502404,-0.640923819,-0.715517664,-0.414321753,-0.910513331,-0.762805066,4.494597069,-0.770128537,-0.776867859,-0.741393012,-0.309156025,-0.841080905,-0.712035683,-0.547290709,-0.671106684,-0.727993943,5.391631082,-0.453651286,0.122343303,0.027380137,0.057920012,-0.261467136,-0.40451407
"(2-oxo-2,3-dihydro-1H-indol-3-yl)acetic acid",-0.308450495,-0.196681295,2.672111082,2.139194019,4.210188303,-0.026147426,-0.257794637,-0.517362964,-0.832612098,-0.872380286,-0.741877395,-0.245242012,-0.745669869,-0.75981795,-0.724438961,-0.544949274,-0.800094974,-0.663660141,-0.391113793,-0.45810675,-0.715153332,-0.182725482,-0.386047789,-0.482254744,-0.63076202,-0.465334201,-0.279496906,-0.280015856
"(2R)-5-methoxy-2-methyl-2,3,8,9-tetrahydrofuro[2,3-h]chromen-4-one",-0.330028657,-0.452911406,-0.396390383,-0.445217894,-0.425584344,-0.650260664,-0.550944909,-0.604082584,4.011214538,1.689500932,0.80594003,-0.481539611,-0.601568091,-0.535791489,-0.360241451,6.068143472,-0.703670991,-0.665691344,-0.405170359,-0.527331241,-0.409839557,-0.496802629,-0.583090618,-0.651984522,-0.647314828,-0.631084007,-0.411527889,-0.582122506
"(2R,3R,6R,8R,9S,12S,13R,14R,15R,16R)-6,8,14,15-tetrahydroxy-2,6,13,16-tetramethyl-3-{[(2R,3R,4S,5S,6R)-3,4,5-trihydroxy-6-(hydroxymethyl)oxan-2-yl]oxy}-10-oxatetracyclo[7.6.1.0?,?.0??,??]hexadec-4-en-11-one",-0.330060201,-0.432130593,-0.548734499,-0.540513231,-0.641861371,-0.71681897,-0.640972522,-0.715572513,-0.847077784,-0.910568471,-0.762849781,-0.465921044,-0.770165805,-0.776910052,-0.74142983,-0.566656327,-0.841164898,-0.71210345,-0.547330167,-0.671159569,-0.728059658,-0.505493699,3.62336899,3.969220649,3.942272308,3.52150568,-0.485482148,-0.650222063
"(2Z)-4,6-dihydroxy-2-[(4-hydroxy-3,5-dimethoxyphenyl)methylidene]-1-benzofuran-3-one",-0.33006007,-0.43533366,-0.548734534,-0.540513521,-0.641861504,-0.71681802,-0.640972513,-0.715572749,4.025534566,0.287811384,3.943781152,-0.482509298,0.540445399,0.325479525,0.35917033,0.169473057,-0.050659385,-0.525048034,-0.118437721,-0.225431063,1.875125884,-0.505493825,-0.583105158,-0.65200108,-0.647701353,-0.639279098,-0.537855455,-0.546503123
"(4S,5Z,6S)-4-(2-methoxy-2-oxoethyl)-5-[2-[(E)-3-phenylprop-2-enoyl]oxyethylidene]-6-[(2S,3R,4S,5S,6R)-3,4,5-trihydroxy-6-(hydroxymethyl)oxan-2-yl]oxy-4H-pyran-3-carboxylic acid",-0.330060835,-0.399353946,3.140785525,3.660882845,3.030455273,-0.692683189,-0.629507374,-0.715573978,-0.825149281,-0.884954842,-0.749847906,-0.482511569,-0.757109966,-0.776911019,-0.710394378,-0.240929948,-0.498035262,-0.235352817,-0.511919691,-0.642911394,-0.695683898,-0.505495957,-0.410972493,-0.498877917,-0.470897257,-0.509918112,-0.503087698,-0.556555952
"(E)-5-(2,3-dimethyl-4,5,6,7-tetrahydro-1H-tricyclo[2.2.1.02,6]heptan-3-yl)-2-methylpent-2-enoic acid",-0.000312969,0.22001601,-0.207360414,0.070027226,-0.322260282,0.248382423,-0.134726249,0.336100565,0.382375741,0.693414642,0.235132092,0.03590574,-0.307536287,-0.311282544,-0.08366788,-0.189348794,0.514231987,0.131885161,0.106433907,-0.496706212,-0.419326356,0.391832174,0.162936728,-0.162168756,-0.185944267,-0.274284442,0.386214053,0.019111796
"1,4-Cyclohexanedicarboxylic acid",-0.320240857,2.22169156,-0.463002462,-0.463382742,-0.538279025,0.106978446,0.138935658,0.146328191,-0.208332108,-0.164121549,-0.070759829,-0.475054254,-0.547153634,-0.544440495,-0.520422402,-0.486259733,-0.662171702,-0.613174819,-0.471037382,-0.61770548,-0.639662794,-0.501053228,-0.251106749,-0.304920636,-0.273094257,-0.266816772,2.975915533,3.648312776
1-Acetylimidazole,-0.264250383,0.154653528,0.267473189,0.249244578,0.549762077,0.446484252,-0.239589646,-0.265379443,-0.490198139,0.193351878,-0.199462087,-0.369724695,-0.571219381,-0.51626716,-0.563982347,0.225013309,0.503833109,0.449931566,-0.332281493,-0.325244866,-0.355967503,0.132085054,0.315915252,0.23034572,0.188870047,0.359844703,0.144953924,0.14232847
1-Decanoyl-2-hydroxy-sn-glycero-3-phosphocholine,-0.261870691,0.016670611,-0.443247397,-0.318347937,-0.176053175,-0.716818042,-0.640971654,-0.647008801,5.516909067,1.336854096,3.881593289,-0.393768205,-0.707405496,-0.77690939,-0.684357484,-0.173984076,0.024950661,0.212414073,-0.49546068,-0.620812556,-0.385403385,-0.367408397,-0.070544787,-0.160752932,-0.326694605,-0.296373676,0.074702724,0.334971314
1-Lauroyl-2-hydroxy-sn-glycero-3-phosphocholine,-0.330059746,-0.449210188,-0.476264474,-0.425475899,-0.453869896,-0.711746352,-0.640971981,-0.715572146,7.838253001,2.657649361,4.174175177,-0.204554735,-0.770165936,-0.776910095,-0.741429521,1.181244781,0.262421431,-0.003089791,-0.379439926,-0.344115081,-0.728059102,-0.505493686,-0.583105653,-0.629433181,-0.6477015,-0.633726067,-0.628376123,-0.650222207
1-Methyladenosine,-0.330061763,0.059302988,-0.546700227,-0.538317946,-0.639502422,-0.714914901,2.035655991,-0.712598318,-0.843207877,-0.908176949,0.374263062,-0.482513021,-0.768012495,-0.156481772,-0.72140496,1.96540041,2.864799823,-0.701413088,-0.538667991,5.836623213,1.003155545,-0.413422993,-0.581079721,-0.591728631,-0.538564974,-0.574727351,-0.626126413,-0.647140097
2'-Deoxyadenosine 5'-monophosphate,-0.193081385,0.773935614,-0.491269614,-0.474900292,-0.525731521,-0.482855815,-0.632353065,-0.623101924,-0.770784442,-0.530836088,-0.754925597,-0.165315705,-0.763756948,-0.771441906,-0.726163792,3.931809842,2.296126786,0.712420477,0.644051155,-0.059118236,-0.445117221,-0.339423364,-0.583106783,-0.647276464,-0.647702293,-0.633676097,1.732098316,1.299733041
2'-Deoxyadenosine-5'-monophosphate,-0.212082406,0.625633735,-0.490327192,-0.479224151,-0.536861579,-0.471309658,-0.517354828,-0.62295018,-0.765982336,-0.845095923,-0.631512457,-0.134181592,-0.755191925,-0.768576212,-0.732491439,3.896442312,2.378044036,0.709140572,0.706944726,0.004560966,-0.399523743,-0.295909388,-0.583107379,-0.633582862,-0.634424786,-0.631986875,1.618159476,1.379684288
2'-Deoxyinosine 5'-monophosphate,-0.262071304,-0.448494315,-0.505113578,-0.502006144,-0.621056249,1.578033423,-0.506368937,-0.144581055,-0.807653476,-0.810727794,-0.682794365,-0.381648762,-0.727330154,-0.750265741,-0.73190719,1.816863542,4.636311102,5.392335953,0.128484089,0.394179987,1.087732728,-0.385246823,-0.53991249,-0.618305043,-0.583828583,-0.595231248,-0.630909931,-0.63829691
2'-O-Methyladenosine,-0.301850406,-0.451640056,0.448155056,0.39085605,0.608052202,3.623167188,-0.633195823,-0.33423376,-0.515359291,-0.574271481,-0.760828297,-0.458857885,1.015968959,0.963768623,-0.600279904,0.0899108,0.004777586,0.666044605,-0.226902174,-0.581761671,-0.21384738,-0.459447248,-0.525450456,-0.589159552,-0.634572398,-0.565335683,-0.318951415,0.216873907
2'-O-Methylinosine,-0.323729586,-0.081095533,-0.508749403,-0.508835484,-0.602951794,0.090396255,-0.168569366,-0.686327165,0.395285604,1.486538856,0.46785911,-0.48206268,-0.74685337,-0.765306997,-0.479588911,1.428330724,1.317847999,2.81382309,0.565027259,1.717108142,0.678695284,-0.504631623,-0.575157702,-0.637399313,-0.645876329,-0.622671072,-0.141902536,-0.149594036
"2-(3,4-dihydroxyphenyl)-5,7-dihydroxy-3-[(2S,3R,4S,5S,6R)-3,4,5-trihydroxy-6-[[(2S,3R,4S,5R)-3,4,5-trihydroxyoxan-2-yl]oxymethyl]oxan-2-yl]oxychromen-4-one",-0.330061047,-0.452930782,3.514621418,3.920709112,2.863905977,-0.716820016,-0.640973261,-0.715574195,-0.847079104,-0.910570313,-0.762851419,-0.482511389,-0.770166712,-0.776911025,-0.741430485,-0.566656853,-0.841166747,-0.712104874,-0.547331126,-0.671160936,-0.728060991,-0.505495115,0.096456401,-0.387942587,-0.442940548,-0.460852867,-0.636500562,-0.650222919
2-Deoxycytidine-5-monophosphoric acid,0.194317265,0.066419246,-0.348507708,-0.400527116,-0.429161327,-0.686233457,-0.621632216,-0.696835553,-0.816725509,-0.879359472,-0.746385986,0.122579597,-0.765791411,-0.772782616,-0.725259678,1.701056513,2.505921651,2.467093001,0.235132824,0.133692713,1.943508784,0.675554007,-0.37172896,-0.478166038,-0.093700012,0.091740941,0.282399142,0.124911686
2-Hydroxyisocaproic acid,0.014035325,-0.404981897,-0.486344902,-0.467743986,-0.538872935,0.777888649,0.493045922,1.475895571,2.138079586,2.40854481,1.762801148,-0.24523355,-0.544916414,-0.677764492,-0.474120963,-0.375698255,-0.203043697,-0.338503311,-0.118438551,-0.267226991,2.585752603,-0.099396433,-0.557910358,-0.626102486,-0.623752341,-0.610345518,-0.539505453,-0.575514608
2-Isopropylmalic acid,-0.31843997,-0.445124446,-0.282987157,0.022800151,0.085209056,1.083710352,0.802494377,0.771240044,-0.380924449,0.256835724,-0.309538125,-0.433095546,-0.448389665,1.163753402,-0.436484666,0.270793721,2.087597321,1.110883441,-0.242626114,0.730208107,-0.364976921,-0.445762415,-0.426322937,-0.467845863,-0.451267788,-0.469610703,-0.62291833,-0.637812722
"2-[(2S,4aR,8aS)-2-hydroxy-4a-methyl-8-methylidene-3,4,5,6,7,8a-hexahydro-1H-naphthalen-2-yl]prop-2-enoic acid",0.243239926,-0.072985392,-0.224917204,-0.112289375,-0.125076106,-0.113350604,-0.086573552,-0.050956785,-0.033494567,0.281711929,-0.057371313,0.42802405,-0.308533459,-0.354066052,-0.363727739,0.217227195,0.840721445,0.803870729,0.158428432,0.189691529,-0.31639604,0.449884971,-0.182701959,0.014981993,-0.210678042,0.106601694,0.089283241,0.006535284
"2-[1-[1-hydroxy-10,13-dimethyl-3-[3,4,5-trihydroxy-6-[[3,4,5-trihydroxy-6-(hydroxymethyl)oxan-2-yl]oxymethyl]oxan-2-yl]oxy-2,3,4,7,8,9,11,12,14,15,16,17-dodecahydro-1H-cyclopenta[a]phenanthren-17-yl]ethyl]-4,5-dimethyl-2,3-dihydropyran-6-one",3.067920066,1.457459478,-0.548732906,-0.482090922,-0.535628684,-0.662817007,-0.61336,-0.627152368,-0.847073857,-0.910563582,-0.762845249,4.359029629,-0.708981243,-0.721648596,-0.741426405,-0.508558436,-0.725652199,-0.386121962,-0.502178516,-0.599267451,-0.591747363,5.730539615,-0.461072456,-0.617532219,-0.590858051,-0.580187543,1.602130602,0.129844021
"2-[2-[(Z)-pent-2-enyl]-3-[3,4,5-trihydroxy-6-(hydroxymethyl)oxan-2-yl]oxycyclopentyl]acetic acid",-0.326901869,-0.445862539,-0.546722593,-0.532494035,-0.630597585,-0.708512421,-0.639807946,-0.699778815,-0.84708029,-0.905590931,-0.762852314,-0.47957757,-0.765916259,-0.776911909,-0.739657199,-0.566657842,-0.841168139,-0.683374087,-0.460309173,-0.664265004,-0.716705488,-0.502030928,3.774328728,4.257469179,3.78208882,3.115282825,-0.614346156,-0.638697622
2-hydroxyquinoline,-0.115569816,-0.19640593,-0.27191997,0.156694865,0.077180498,1.24689324,0.752033997,0.168638928,0.420258454,0.892863103,-0.161874204,-0.005056875,-0.138672833,0.646060787,-0.153976889,-0.31365143,-0.386906094,-0.447172225,-0.343892883,-0.241471556,-0.238832296,0.135523461,-0.17374133,-0.09428138,-0.099396011,-0.024957282,-0.383282216,-0.329033701
"2-methyl-3-[(2S,3R,4S,5S,6R)-3,4,5-trihydroxy-6-(hydroxymethyl)oxan-2-yl]oxypyran-4-one",0.203552691,-0.401534603,-0.424110906,-0.405211426,-0.510918029,-0.716819878,-0.640973773,-0.715573973,-0.847079179,-0.910569963,-0.762851654,0.873069372,-0.770166467,-0.776911306,-0.741430547,-0.566657003,-0.81672274,-0.712105229,-0.547330964,-0.671160672,-0.728061178,0.970755256,2.426713846,2.716843669,3.52882786,3.62424618,-0.611577222,-0.610070938
"3',5'-Dimethoxy-4'-hydroxyacetophenone",-0.150647965,-0.439084789,-0.51676589,-0.503791106,-0.618443226,-0.321324922,-0.597827114,-0.411878068,-0.637131163,-0.273985684,-0.601461205,-0.123960114,0.958969521,1.88303162,1.555848041,-0.336034291,-0.220989081,-0.610136728,2.007742374,1.88429054,1.180942484,-0.13599833,-0.567655761,-0.642894856,-0.636770426,-0.594482949,-0.621078475,-0.638230387
3'-O-Methylguanosine,-0.303463531,-0.450762938,-0.170818803,-0.182661965,-0.161717758,0.731966404,0.381514049,0.416176596,0.085408958,0.920560323,-0.132824647,-0.482511405,0.422669525,0.434973457,0.165090049,0.279718565,0.552946489,0.382079034,0.762229274,1.141873834,-0.183152481,-0.49683943,-0.568501676,-0.638190443,-0.632157787,-0.631342363,-0.40407602,-0.647437726
"3,5-dihydroxydecanoic acid",-0.325145984,-0.443296951,0.122908518,0.022064889,-0.336964815,1.210489562,0.999127035,-0.675495327,-0.436035662,0.26493559,-0.739795991,-0.474256249,-0.530223215,-0.631435084,-0.244220044,1.045194018,0.642195653,6.636304307,-0.283841556,0.04067282,-0.514155531,-0.47778779,-0.574498738,-0.644220199,-0.406995002,-0.601162457,-0.634772204,-0.632726489
"3-(5,7-dimethoxy-4-oxochromen-2-yl)propanoic acid",9.697494397,-0.45284508,-0.54865377,-0.54043273,-0.641763823,-0.71672477,-0.640892371,-0.715432713,-0.846935708,-0.910438429,-0.762751077,6.596378843,-0.770090475,-0.776841619,-0.741353723,-0.566564757,0.54051549,-0.711995129,-0.547235796,-0.671042054,-0.727966045,-0.505314375,-0.267247762,-0.580454748,-0.647581816,-0.343013699,-0.636411526,-0.182184628
3-Hydroxyanthranilic acid,-0.328370398,-0.446826077,-0.270567169,-0.16953153,-0.280249468,-0.619147349,-0.550125565,-0.620338389,-0.77712008,-0.452164376,-0.694066669,-0.472110414,1.201034712,0.985519138,1.086879475,-0.524828211,-0.763341774,-0.636216897,1.619926897,5.407188905,0.967905825,-0.486444972,-0.583105737,-0.650147794,-0.619401643,-0.619890088,-0.630144241,-0.620465061
3-Hydroxypyridine,-0.101744836,-0.40627544,1.332989499,1.090691632,4.469357953,0.096142767,-0.181926108,-0.122723603,-0.492342769,-0.439312356,-0.675394038,-0.302514056,-0.32725006,-0.597392361,-0.583980795,-0.392929949,-0.449422848,-0.396106348,-0.282381356,-0.452782652,-0.195344385,-0.106417548,-0.344107094,-0.380650619,-0.384717514,-0.331832789,-0.497402112,-0.53343005
3-Hydroxytyramine,-0.330060894,-0.392672813,-0.177261983,-0.189869101,-0.04986717,1.948141249,0.437831989,0.915421817,0.16066027,2.374980686,-0.456601467,-0.400120707,-0.41474449,-0.14541174,0.491341072,0.03054196,0.700874248,0.210049264,0.078535973,0.042706526,-0.127060111,-0.43607778,-0.488881625,-0.590204192,-0.526928351,-0.341905365,-0.480112137,-0.559068856
"3-[(1R,3R,5R,8R,10S,13R,14S,17R)-1,14-dihydroxy-3-[(2S,3S,4R,5S,6R)-3-hydroxy-4-methoxy-6-methyl-5-[(2S,3R,4S,5S,6R)-3,4,5-trihydroxy-6-(hydroxymethyl)oxan-2-yl]oxyoxan-2-yl]oxy-10,13-dimethyl-1,2,3,4,5,6,7,8,9,11,12,15,16,17-tetradecahydrocyclopenta[a]phenanthren-17-yl]-2H-furan-5-one",1.366428351,1.703669095,-0.548734094,-0.540512455,-0.641860082,-0.658018667,-0.579610268,-0.631773458,-0.847075284,-0.910566102,-0.762849307,2.676605109,-0.716031363,-0.776909533,-0.741428514,-0.51095157,-0.841162649,-0.712102238,-0.497266785,-0.593351142,-0.728058821,3.191244239,-0.462772845,-0.4633155,-0.491181497,-0.538253903,3.812882835,2.918726336
"3-[(2S,3R,4S,5R,6R)-3,5-dihydroxy-6-(hydroxymethyl)-4-[(2S,3R,4R,5R,6S)-3,4,5-trihydroxy-6-methyloxan-2-yl]oxyoxan-2-yl]oxy-5,7-dihydroxy-2-(4-hydroxyphenyl)chromen-4-one",-0.330053971,-0.452925151,3.409320277,3.694892324,3.548925646,-0.716810506,-0.64096386,-0.715560349,-0.847066505,-0.910556376,-0.433095263,-0.482496305,-0.770159275,-0.776904204,-0.664098926,-0.474949798,-0.653550818,-0.712093011,-0.547323955,-0.671147356,-0.728050526,-0.505483794,-0.583099701,-0.651995799,-0.647691987,-0.639268749,-0.412208643,-0.360713119
"3-[(2S,3R,4S,5S,6R)-4,5-dihydroxy-6-(hydroxymethyl)-3-[(2S,3R,4S,5R)-3,4,5-trihydroxyoxan-2-yl]oxyoxan-2-yl]oxy-5,7-dihydroxy-2-(4-hydroxyphenyl)chromen-4-one",-0.330059812,-0.449425353,4.013527543,4.096173085,3.136436736,-0.716818806,-0.640972279,-0.713166461,-0.844259348,-0.891321876,-0.744948644,-0.482510023,-0.770165764,-0.775070599,-0.739365968,-0.5666562,-0.835818692,-0.712103201,-0.547329822,-0.671159257,-0.728060028,-0.505493583,-0.56990663,-0.633077793,-0.636002351,-0.635955176,-0.636499566,-0.635052064
3-phenyllactic acid,-0.129192131,-0.40963978,-0.528289277,-0.519619138,-0.591324912,0.131425509,-0.056748543,-0.148408932,0.026509108,0.423401267,0.101819615,-0.482056573,0.73605173,-0.451179639,1.722415885,-0.483722181,-0.490683571,-0.568134584,0.216512229,-0.215904762,5.602840004,-0.196435942,-0.579082916,-0.650256805,-0.636872988,-0.635031868,-0.533078249,-0.584264127
4-Acetamidobutyric acid,-0.307167972,-0.429663422,-0.432341897,-0.409737969,-0.52370915,1.962703338,0.527388787,1.322030461,0.427751951,2.138617399,0.132751668,-0.462888269,0.378481702,-0.223331924,0.53674805,0.54460659,0.796921734,0.646369866,-0.315197636,-0.464970597,-0.334518514,-0.46814377,-0.531983077,-0.602322452,-0.595272814,-0.592993827,-0.606988098,-0.618140002
4-Aminobenzoic acid,1.609950914,-0.411192173,0.012846711,-0.009770705,0.044975877,-0.223312339,-0.299573255,-0.512229135,-0.591126206,-0.438831197,-0.527970127,2.61156267,-0.712404653,-0.717825734,-0.676450924,-0.395745571,-0.296853743,-0.263732855,-0.479897518,-0.592311729,-0.626771561,3.268820988,0.652475134,0.646673052,0.794014426,0.937850574,-0.554005937,-0.563028045
4-Guanidinobutyric acid,-0.204068273,-0.082686052,1.411750471,0.989995569,2.829416389,0.241179879,0.363188946,-0.080425761,-0.29210145,-0.418391485,-0.348941455,-0.288286316,-0.704164106,-0.678037288,-0.665550653,-0.168987068,-0.486641646,-0.407093854,-0.465622294,-0.537645188,-0.63798109,-0.288697023,-0.256586875,-0.324905729,-0.227720222,0.04038931,-0.066422563,0.014333062
4-Hydroxyphenyllactic acid,0.011875715,-0.400774715,-0.503363652,-0.488868609,-0.539708147,0.344412089,0.104871347,0.151487009,0.795362006,1.981476645,0.836525461,-0.225625339,-0.324485618,-0.599756118,0.084669191,-0.440049163,-0.407579601,1.85420354,0.035555641,-0.453361869,3.758956691,0.244267108,-0.554402426,-0.57950903,-0.615497369,-0.621854288,-0.539406271,-0.575077022
4-Methyl-5-thiazoleethanol,-0.317899901,-0.434745436,0.783001127,0.943297146,1.06328441,1.513822729,1.037118638,0.601473388,0.34331157,0.098319041,0.398548688,-0.46473825,0.022940732,-0.252347915,-0.301228154,-0.432998796,-0.622664725,-0.547301502,-0.38991723,-0.452464843,-0.394316963,-0.504442268,-0.35835482,-0.368591125,-0.342737286,-0.32664778,-0.60033717,-0.618338102
4-O-Methylphloracetophenone,-0.322835656,-0.446423903,-0.539517536,-0.520804935,-0.615825194,-0.702646838,-0.614928658,-0.649718468,1.519197302,0.349350154,1.946542038,-0.475941831,1.589988447,2.32900377,0.911628421,-0.093253974,-0.448841645,-0.498083494,0.575012036,0.265715391,0.431523619,-0.494803432,-0.581223765,-0.652000586,-0.645788658,-0.622380751,-0.62998785,-0.650220379
4-Pyridoxic acid,0.018676187,-0.289813232,0.691112511,0.756431725,1.099226333,0.522066979,-0.364810576,-0.017938725,-0.46463692,-0.580415474,-0.271740707,0.313098916,-0.489876228,-0.762351008,-0.510492557,-0.194698333,-0.209815495,-0.318715705,-0.320945069,-0.417322174,-0.456244163,0.740654816,0.361161502,0.465738458,0.33193113,0.415162963,-0.260018852,-0.256552806
"4-[(E)-3-[(2R,3R,4S,5S,6R)-3-[(2S,3R,4R)-3,4-dihydroxy-4-(hydroxymethyl)oxolan-2-yl]oxy-4,5-dihydroxy-6-(hydroxymethyl)oxan-2-yl]oxybut-1-enyl]-3,5,5-trimethylcyclohex-2-en-1-one",-0.329985935,-0.452880737,-0.548673736,-0.540462426,-0.641801777,-0.716736807,-0.640900012,-0.715484662,-0.846961572,-0.910433377,-0.762757815,-0.482412669,-0.770083855,-0.776840599,-0.74137721,-0.566580261,-0.841068805,-0.712020555,16.34297195,-0.67106406,-0.72798785,-0.50535575,-0.583046131,-0.651932429,-0.647628838,-0.639194609,-0.636415559,-0.650118829
"4-[[4-hydroxy-2-(2-methylpropyl)-1-oxo-3,3a-dihydro-2H-imidazo[1,2-a]indol-4-yl]methyl]-1-methyl-2,4-dihydro-1H-pyrazino[2,1-b]quinazoline-3,6-dione",-0.330052573,-0.452922995,-0.548729699,-0.540508063,-0.641854391,-0.716809534,-0.640963459,0.66666975,1.359667475,1.841849556,3.243431037,-0.482498403,1.069443861,1.109098592,1.068461261,-0.566651245,-0.841152246,-0.712095474,-0.547323668,-0.671149518,-0.728048774,3.206253497,-0.475909245,-0.545753143,-0.274374286,-0.63926877,-0.636493323,-0.650212093
5'-S-Methylthioadenosine,-0.327701539,-0.449912043,-0.544827385,-0.536533455,-0.628060129,0.00756407,0.021061383,-0.248152732,-0.752959519,-0.425777978,-0.556010669,-0.468107753,2.485648003,3.950578669,2.825368037,-0.05551132,-0.657845578,-0.673639462,-0.510590232,-0.629825855,-0.31387814,-0.497609368,-0.578552921,-0.642998627,-0.638021628,-0.631839939,-0.63590097,-0.644849938
5-Aminosalicylic??acid,-0.305751801,-0.442722292,-0.405503749,-0.383133879,-0.28952643,2.865349993,1.702526415,1.437077294,1.320570088,2.337429453,0.824546927,-0.379063951,-0.702485326,-0.645294258,-0.529827832,-0.302429313,-0.243512098,-0.136314202,-0.331486161,-0.558779259,-0.241872708,-0.505495133,-0.194134409,-0.185876077,-0.069140892,-0.208706259,-0.593301173,-0.648229417
5-Hydroxy-3-indoleacetic acid,-0.326880903,-0.304899547,3.075628487,2.414719466,4.230445132,-0.66294908,-0.600862585,-0.70165777,-0.838506453,-0.875886701,-0.755336006,0.187234114,-0.738907724,-0.760035775,-0.735998219,-0.526133069,-0.787665161,-0.704052978,-0.538445276,-0.644734547,-0.714110843,-0.414718876,-0.307737351,-0.341065284,-0.286948122,-0.262531577,-0.628041803,-0.289692695
5-Hydroxytryptophan,-0.111194636,-0.051352604,-0.478605886,-0.379768175,-0.521889264,-0.143353024,-0.179727387,0.015505745,0.213243685,-0.048287267,0.122058454,-0.34298967,0.483816119,0.34516364,0.405605389,-0.461920362,-0.707901753,-0.57818757,-0.217688555,-0.297455975,0.100291953,-0.351676193,0.433272628,0.382238242,-0.316085312,2.756778578,-0.102435654,-0.122563712
5-O-Methylgenistein,-0.330061098,-0.452930816,-0.370428694,1.383206157,-0.64186258,-0.716819924,-0.640973752,-0.715574265,0.526768303,-0.28786956,0.820494025,-0.482511772,-0.552874813,-0.51695313,-0.624813566,-0.425262819,-0.641921282,-0.712105232,-0.547331228,-0.671160663,-0.12895266,-0.505496009,1.311668512,1.79805494,1.521633182,2.783549381,-0.116790331,-0.650223397
"5-hydroxy-2,2-dimethyl-10-(2-methylbut-3-en-2-yl)pyrano[3,2-g]chromen-8-one",0.233184777,0.225453387,-0.135609347,-0.108543628,-0.42395955,0.012561001,-0.106481411,0.283084407,0.09861149,0.096353043,-0.069943539,0.525402375,-0.158586056,-0.193216423,-0.425552876,0.179912205,0.297923132,0.320954714,0.42216587,0.220625093,0.409277756,-0.247774299,-0.123181903,-0.237203116,-0.354301745,-0.405917969,0.090991907,0.253833331
"5-hydroxy-3-[(2S,3R,4R,5S)-3-hydroxy-5-(hydroxymethyl)-4-[(2S,3R,4S,5S,6R)-3,4,5-trihydroxy-6-(hydroxymethyl)oxan-2-yl]oxyoxolan-2-yl]oxy-2-(4-hydroxyphenyl)-7-[(2S,3R,4R,5R,6S)-3,4,5-trihydroxy-6-methyloxan-2-yl]oxychromen-4-one",-0.330059819,-0.452929887,3.568955439,4.27141939,3.578228799,-0.716818614,-0.640972307,-0.715572112,-0.84707746,-0.910567277,-0.762849532,-0.482509363,-0.770165044,-0.776910213,-0.741429309,-0.566655663,-0.84116513,-0.712102682,-0.547329532,-0.671158595,-0.728059816,-0.505492247,-0.583105363,-0.652000914,-0.647701105,-0.63927865,-0.636499543,-0.650220964
"7,2'-Dihydroxyflavone",-0.330061215,-0.450049276,-0.269826102,0.805213786,-0.599038244,-0.624177363,-0.63219569,-0.712682337,-0.843133367,-0.910570775,-0.758431964,-0.482512083,-0.770167131,-0.776911465,-0.741430611,-0.56284829,-0.838306269,-0.712105606,-0.545637112,-0.671161172,-0.725869142,-0.505496204,1.8532656,3.05945317,2.798974531,3.250777529,1.27343007,-0.650223758
"9-(2,3-dihydroxypropoxy)-9-oxononanoic acid",-0.184729401,-0.147513349,0.327695402,0.278057548,0.852447391,-0.184717909,-0.588543921,-0.346337781,-0.160770122,0.983082409,2.001740853,-0.088861998,0.415707355,0.022483631,-0.135225344,-0.088422167,0.035419496,-0.503008292,-0.085095511,-0.086949473,0.078287037,-0.156401745,-0.508929268,-0.58122303,-0.361898981,-0.545498719,-0.190540651,-0.094400829
"9-hydroxy-10,12-octadecadienoic acid",-0.327939221,3.517400391,-0.398743536,-0.39587105,-0.566771177,-0.71682007,-0.63843825,-0.700719138,-0.816892559,-0.809539079,-0.744568061,-0.475089522,-0.768170749,-0.770082936,-0.736826405,-0.550994249,-0.828178162,-0.706699731,-0.547331291,-0.666163667,-0.718465318,-0.505495592,-0.576768765,-0.644979986,-0.636298329,-0.63927989,5.541146716,5.840209623
?-Gentiobiose,-0.135624509,0.31703648,-0.367071344,-0.385218974,-0.405088029,-0.210434109,-0.199456344,0.1120873,-0.116620276,-0.381640036,0.348395713,-0.231135362,-0.764758518,-0.749387416,-0.735627915,0.384488372,1.390266578,1.2419814,-0.337247096,-0.25584952,-0.702457761,-0.263851745,0.647190047,0.629233387,0.799437333,0.827878059,0.356105145,0.450083051
ADENINE,-0.294119807,-0.432589386,-0.347616314,-0.427478294,-0.398038795,-0.111888289,1.722147168,1.473165328,0.629970574,0.992061109,0.914703005,-0.426460444,0.473745338,0.922089606,0.60529543,0.022214742,-0.203745899,-0.474123212,-0.358365479,-0.469327661,0.546871363,-0.430600522,-0.550881804,-0.613661339,-0.609728745,-0.600954246,-0.58184099,-0.596728435
Abscisic acid,-0.300254748,-0.350656914,-0.444261611,-0.473251724,-0.50319128,-0.716818559,-0.640971389,-0.715571958,-0.847076923,-0.910567097,-0.762850113,-0.415456989,-0.770165534,-0.774353192,-0.741429285,-0.313969247,-0.67412406,-0.371879906,-0.524898749,-0.670814312,-0.728058487,-0.4641118,5.947462817,1.501152622,1.487945457,4.267274786,-0.445126428,-0.469782581
Acetosyringone,-0.322119491,-0.448044984,-0.521637748,-0.512663025,-0.610705362,-0.454448019,-0.620528572,-0.534480982,-0.723699163,-0.418161505,-0.749081531,-0.480164304,1.250971855,2.476722348,1.872024533,-0.337940861,-0.417551789,-0.627595976,1.906713247,2.018262505,1.131594714,-0.489891278,-0.580573596,-0.64609922,-0.643629396,-0.63494225,-0.622075792,-0.646831222
Aconitic Acid,0.154115192,-0.361539684,-0.397497383,-0.360827899,-0.460217517,-0.260608245,-0.164589183,-0.120456303,-0.356098727,0.451434491,-0.164388093,0.308445964,0.275901085,0.180256729,0.413091454,0.454874918,1.588734689,-0.566793497,0.157035746,-0.132525464,-0.001649823,0.089534803,0.312522462,0.201450946,0.290842235,0.060299155,-0.499600561,-0.528624094
"Aconitic acid (not validated, isomer of 271)",2.648368577,-0.451943534,-0.258305938,-0.170732956,-0.251525753,-0.708045883,-0.64097449,-0.715575402,-0.83437769,-0.89972089,-0.752164759,4.575060844,-0.770167509,-0.764775324,-0.735605427,0.187616487,0.580964324,1.090843752,-0.520933401,-0.652777491,-0.705712905,5.885375211,-0.119356298,-0.122261487,-0.093419249,0.044641853,-0.63364545,-0.644570305
Adenosine,-0.225977711,-0.277449472,-0.212102124,-0.331708254,-0.239030541,0.863068558,0.341299135,0.381097559,0.19430405,-0.077383786,1.157495019,-0.408769782,-0.232356572,1.541164087,1.089737291,0.159659661,-0.002622313,-0.404153353,-0.308222597,-0.357610427,0.075495793,-0.453239235,-0.509491091,-0.555700633,-0.55087849,-0.54048592,-0.258317273,-0.287997125
"Adenosine 3',5'-cyclic monophosphate",-0.330062045,-0.447931547,-0.428387844,-0.44526263,-0.554542621,-0.298707266,0.505857812,1.483142064,1.285089188,0.320916676,0.700238663,-0.478857268,1.878825566,1.927290145,0.145629575,-0.470465124,-0.617516236,-0.61857897,-0.172806429,-0.068115997,0.578758849,-0.504479206,-0.462091592,-0.474786572,-0.483179209,-0.489702185,-0.632165097,-0.646675894
Adenosine 3'-monophosphate,-0.228091231,-0.427497953,-0.335596136,-0.389419517,-0.336105056,0.911358414,0.967590468,2.351029565,0.915534654,-0.137937576,0.739552259,-0.26142765,0.675603391,0.771090164,0.424875972,0.01194187,-0.429881075,-0.573347458,-0.186486371,-0.451219153,-0.027880556,-0.348707123,-0.468787612,-0.5133005,-0.515068175,-0.522959296,-0.599554418,-0.618462175
Adenosine-3-monophosphate,0.229511669,-0.337335341,0.470537296,0.020513959,0.560271552,-0.598783173,-0.470071198,-0.596605794,-0.026818373,-0.699461193,-0.226820242,0.759959423,0.872095284,-0.265434373,0.960646706,0.670157301,0.028224652,-0.343013015,0.185104617,-0.25179281,-0.419622381,0.259689163,-0.172452685,-0.202882176,-0.206751366,-0.265754041,-0.539582606,-0.578166283
Agmatine,0.103342947,0.126847048,0.760360331,0.845002656,0.869455009,-0.127812841,-0.236124779,-0.162280861,-0.469324968,-0.665084004,-0.406978994,0.257116141,-0.720526584,-0.670770406,-0.711446372,-0.519918013,-0.716051155,-0.659803184,-0.243779532,-0.350575071,-0.450546615,0.408431082,0.618857725,0.920888394,0.246482051,0.260943627,0.238491142,0.442010882
Ala-Ala,0.415248444,0.034872664,-0.139685956,-0.187697738,-0.093758327,-0.451373764,-0.48065849,-0.479844803,-0.23737675,-0.155211471,-0.317890793,0.773330703,-0.407687901,-0.489704927,-0.477289924,0.579537108,1.001922592,1.073373112,0.717693151,0.943788051,0.015573642,0.685076842,-0.145458161,-0.321055095,-0.309963007,-0.219056209,-0.005891808,-0.075882643
Ala-Ile,0.224375109,0.235108372,0.089094651,-0.050089914,0.246047345,-0.591191274,-0.563503768,-0.579270868,-0.585742073,-0.615336719,-0.569271858,0.750502305,-0.526278525,-0.552690712,-0.548512006,0.128146129,0.187643101,0.337848191,0.114022169,0.175986513,-0.314619105,0.607212413,-0.125713209,1.289165708,0.913423729,-0.154025118,0.371476637,0.388675395
Ala-Leu,0.564160497,0.065345342,0.118622515,0.151673447,0.337980487,-0.506790359,-0.514921984,-0.510997958,-0.509530792,-0.546773186,-0.532489867,0.905812716,-0.398258478,-0.508211716,-0.492205284,0.171623261,0.239410673,0.3514962,0.339453311,0.45377065,-0.179582393,0.907522983,-0.151855673,-0.05003361,-0.040269787,-0.123773726,0.41664418,0.467176064
Ala-Val,0.549557057,0.230009164,0.093043206,-0.022528884,0.038409622,-0.329135997,-0.337293479,-0.355587722,-0.401360302,-0.317337192,-0.357699231,1.271598272,-0.120562154,-0.12194521,-0.265971903,0.045243144,0.155540357,0.25856406,0.048415152,0.125122672,-0.100264219,1.180659305,-0.257656111,-0.465873234,-0.282754406,-0.34312752,0.270939216,0.427279968
Apigenin-7-O-glucoside,-0.330061591,-0.444720108,-0.533718497,-0.533716545,-0.632372392,-0.708370485,-0.640974377,-0.715574997,-0.836000767,-0.899514727,-0.731261326,-0.482512683,-0.7701674,-0.773229708,-0.741430917,-0.550950642,-0.817732038,-0.712106278,-0.547331783,-0.663130668,-0.706104664,-0.505496803,2.935429005,4.385674973,3.746858507,4.08632066,-0.618866543,-0.626353725
Arginine,-0.252617907,0.416134297,-0.20485265,-0.197651499,-0.243131448,0.307606438,0.406940249,0.473888191,0.50595829,0.261846371,0.217912862,-0.347025613,-0.351484257,-0.210894721,-0.444497962,-0.419796786,-0.378113978,-0.43679071,0.064889054,0.011865084,-0.41659894,-0.389992477,0.157090629,0.160925291,0.175674135,0.154649563,0.638677068,0.740747441
Asp-Phe,0.18668965,0.123763116,0.228789644,0.134257113,0.345276477,-0.366967872,-0.394317,-0.392747574,-0.132040567,-0.319894654,-0.399514435,0.087112796,-0.181669127,-0.330448614,-0.248071925,0.366942348,0.470949833,0.697787173,0.085843638,0.133086854,-0.239567239,0.336908656,-0.333460512,-0.357575783,-0.162270637,-0.09178262,0.318219711,0.543134255
Asparagine,-0.069984718,0.236615356,-0.255997271,-0.25183437,-0.333181545,0.221611821,0.437776921,0.551828388,0.525762664,0.667132389,0.49758716,-0.069556859,0.450190124,0.33452334,0.408086235,-0.385449538,-0.369937794,-0.368301431,-0.33221399,-0.473408483,-0.267485377,-0.050095824,-0.350346807,-0.42074302,-0.357751373,-0.315194871,0.265719508,0.328093588
Aspartic acid,-0.188806246,0.065469642,-0.161455137,-0.196415525,-0.155851279,0.008848015,-0.166097633,0.308933036,0.14421787,0.094276908,-0.040526912,-0.220633675,0.767296993,0.903264518,0.546030113,-0.487588981,-0.66577538,-0.404446251,-0.507182576,-0.501728516,-0.496981026,-0.201480438,0.388285334,0.400268301,0.539618489,0.583625345,-0.528546919,-0.47516866
Atractylenolide III,0.102022547,-0.106620311,0.304786454,-0.128950848,0.00252565,-0.159530321,0.008894253,0.593660057,-0.047355665,-0.241611802,0.026892847,0.401919722,-0.326165795,-0.532540744,0.029603835,0.353905439,0.444783149,0.366884824,0.267645453,0.050312763,0.069350749,0.189415326,-0.136390228,-0.363272556,0.048151582,-0.436321027,-0.186782985,-0.149961294
Azelaic acid (Not validated),-0.194750159,0.997836401,0.687741008,0.647320968,0.91116558,-0.150245267,-0.224616402,-0.499861991,-0.644888501,-0.53573864,-0.637414485,-0.153570516,-0.45412412,-0.486287879,-0.50385465,-0.168074453,-0.276527522,0.10958228,-0.366102552,-0.430134956,-0.45271066,-0.184310216,-0.18702365,-0.548260142,0.140676284,-0.006767068,0.920055745,1.449723769
Baicalein,-0.330059343,-0.452929517,-0.138028264,3.857588172,-0.606277621,-0.684703499,-0.640971805,-0.715571714,-0.083773131,-0.480906197,-0.03267682,-0.482510149,-0.128240287,-0.265199103,-0.189363608,-0.41177383,-0.676224814,-0.712103375,-0.368665561,-0.472397363,-0.287153142,-0.505493788,0.027465801,0.135766959,0.34919778,0.188700308,2.225441104,-0.65022119
Benzoic acid,0.126711699,0.357666521,-0.140208956,-0.218463091,-0.150233303,-0.06487947,0.018117105,0.000534574,-0.191625831,-0.265056434,-0.122746555,0.291135342,-0.294772557,-0.362994859,-0.272863578,-0.227296458,-0.143467042,-0.134788908,-0.12451112,-0.152026039,0.046500083,0.353849943,0.607590386,0.171404152,0.224845377,0.187288952,0.316605113,0.44943294
Betaine,-0.330061717,-0.374357089,-0.419483326,-0.379192348,-0.406147354,1.463566571,0.852493623,1.342560638,1.262473442,1.934327092,1.177820425,-0.482512914,-0.080914511,-0.166384552,0.112943029,0.090426184,0.63996271,0.575734275,-0.547331928,-0.671161879,-0.632642371,-0.505497199,-0.437293215,-0.459041969,-0.467616592,-0.471832677,-0.397172205,-0.342603407
Biochanin A,-0.330046168,-0.452920407,-0.532684803,1.527801198,-0.583146742,-0.716806133,-0.620922503,-0.715559304,0.854501126,-0.163578325,1.035832432,-0.439404992,-0.604965187,-0.463407485,-0.564194727,-0.345874245,-0.820408456,-0.666199518,-0.472744589,-0.562118739,0.014562964,-0.440645841,1.059132883,1.270483964,1.155921785,2.69664186,0.082862713,-0.650207423
C10-LAS (TENTATIVE),16.22388864,-0.452862675,-0.548663022,-0.540447387,-0.641782787,-0.716714064,-0.640880934,-0.715429178,-0.846917367,-0.91044705,-0.762748146,-0.482364642,-0.770092922,-0.776814922,-0.741347869,-0.566586468,-0.841014715,-0.711979227,-0.547234603,-0.671011039,-0.727950253,-0.505311975,-0.583027758,-0.651902602,-0.647599243,-0.639187199,-0.636387028,-0.650114044
CINCHONIDINE,-0.330061086,-0.452931303,-0.101842382,-0.175977763,-0.078313822,-0.716820594,0.099159243,3.549581045,-0.002734463,-0.073127931,-0.087910725,0.534774911,-0.247209099,-0.297161148,-0.31383216,0.005533077,0.064626582,-0.012216181,0.08380602,0.153101402,-0.0771011,-0.505496524,-0.5831072,-0.652003203,-0.64770275,-0.639280125,2.707535583,0.065793833
Caffeic acid,-0.296721765,-0.420833581,-0.338263794,-0.321739169,0.160188215,0.194168308,-0.192878267,-0.093327287,0.411913385,0.418786714,0.240968693,-0.434158943,0.553289564,1.078365553,2.342819708,-0.046796253,-0.038408381,-0.251337508,-0.170482627,-0.279450476,-0.046665945,-0.436116247,-0.453740184,-0.467263303,-0.471898766,-0.434381659,-0.571991959,-0.574952019
Carnitine,-0.319559598,-0.432922405,-0.523848939,-0.509042084,-0.596087404,-0.082148559,-0.232957935,0.004470053,-0.247233879,-0.22408438,-0.435884447,-0.452205036,1.073347014,0.801050822,1.206783419,-0.243245264,-0.052890789,-0.495857687,1.454495276,1.885671768,1.910823101,-0.479993752,-0.463703498,-0.509005278,-0.528533551,-0.511354637,-0.602938717,-0.618585917
Carpachromene,0.372581185,0.025023898,-0.098591823,-0.129752358,-0.117086383,-0.008492845,-0.120610054,0.062354771,0.014581979,-0.013996137,0.016658844,0.440335945,-0.08846241,-0.334619856,-0.319966246,-0.002953582,0.066480261,0.101300462,0.047147978,0.262251389,-0.082766025,0.354220977,-0.082615312,-0.083070342,0.087680045,0.134472138,0.110787423,0.084192226
Catechol,-0.28246114,-0.413438722,1.267803511,1.911919727,2.311196307,-0.235263575,-0.047553724,-0.134028886,0.03102939,0.121804671,0.245836653,-0.416784292,-0.477386958,-0.501340789,-0.468481593,-0.201096618,-0.255669846,0.036535702,-0.176395297,-0.135085305,-0.173565523,-0.353893717,-0.484411623,-0.48388335,-0.509355187,-0.621275025,-0.603313671,-0.609854774
Choline,0.254052932,-0.216466941,0.399271224,0.375500568,0.483831805,0.101218346,-0.054453146,-0.035849057,-0.348126878,-0.106402759,-0.26783402,0.350883721,-0.60131713,-0.426043156,-0.517042985,-0.424127503,-0.621587184,-0.457928722,-0.38144808,-0.383403631,-0.530220135,0.331257766,0.741050438,0.764577501,0.841910928,0.803599981,-0.206333947,-0.161436417
Citric acid,1.421304742,-0.23142013,0.040805573,-0.021470464,-0.047022613,-0.634637259,-0.49754514,-0.544006254,-0.705746022,-0.751877483,-0.742191711,2.270851073,-0.680169749,-0.607634558,-0.667323191,-0.081212161,-0.200049851,0.06167191,-0.435090333,-0.580041944,-0.47824191,2.360801555,0.980848437,0.930446656,0.698605043,0.609777869,-0.181258998,-0.303561609
"Citric acid (Not validated, isomer of 227)",1.188711371,-0.099028693,-0.075929769,-0.083801449,-0.100126656,-0.639628094,-0.521287861,2.203966234,-0.330328325,-0.68092849,-0.515777788,2.050151899,-0.604962135,-0.615890768,-0.452215105,-0.154288747,0.280182614,0.064542708,-0.384534597,-0.487531266,-0.37002474,2.033284034,0.289037454,0.326363512,0.263247193,0.236854052,-0.473220712,-0.500474172
Citrinin,-0.030761236,-0.397903512,2.894537312,2.822399533,3.844695054,-0.716791729,-0.640952281,-0.715536478,-0.847054764,-0.83899295,-0.762818003,-0.418179618,-0.76130991,-0.354573071,-0.187676035,-0.553602125,-0.784617768,-0.712072034,-0.540180656,-0.160623733,-0.250257762,-0.433281859,-0.566164727,-0.651975719,-0.61051802,-0.609868677,-0.625384301,-0.650201599
Citrulline,-0.305309612,-0.442930109,-0.49245098,-0.45920078,-0.611160797,0.649899169,0.717236566,0.034756745,-0.066783553,0.349828693,-0.438374791,-0.445778902,2.21335485,-0.570363194,-0.221888341,1.396934983,1.642170982,2.201810626,-0.10636781,-0.348081018,0.493751849,-0.464045047,-0.566277915,-0.639548227,-0.633020251,-0.629095707,-0.620862994,-0.631948918
Cordycepin,-0.220349956,0.151520339,-0.303359241,-0.403170717,-0.449534738,-0.208817143,0.357520603,0.221892693,0.21241866,0.507778064,0.135943477,-0.334941325,1.895157882,-0.26382273,0.034432435,0.48643949,0.392408945,-0.351994233,-0.258340069,-0.593700036,-0.036679427,-0.397049784,-0.583107824,-0.650975599,-0.647703745,-0.625599326,1.124622439,0.856154971
"Coumaroyl Hexoside (isomer of 691, 692)",-0.312780524,-0.434122152,4.025986237,3.406792972,2.946583146,-0.69869622,-0.627457547,-0.653445495,-0.811142272,-0.880878881,-0.74497051,-0.370125312,-0.754936376,-0.762895278,-0.727362847,-0.54918396,-0.811752933,-0.685895034,-0.52509801,-0.645329145,-0.683006802,-0.393116749,-0.522832318,-0.631458603,-0.226264143,-0.62287677,-0.386629088,-0.611136736
Cryptotanshinone,-0.329956965,-0.452855546,-0.548660651,-0.54045228,-0.641778836,-0.716734527,-0.640888397,-0.715439609,-0.846967694,-0.910434398,-0.762758313,-0.482375229,-0.77007477,-0.776821339,-0.741357776,-0.566572846,-0.841035091,-0.711974259,-0.547246162,-0.671031343,-0.727962288,-0.505332857,0.713878228,6.672176091,-0.647597804,-0.6391846,4.434309039,3.439668741
Cyanidin-3-O-galactoside,-0.083981067,-0.452928621,3.539870899,3.611604403,2.954080679,-0.716815626,-0.640969814,-0.715569579,-0.847073884,-0.910564866,-0.681769308,-0.111923929,-0.770163942,-0.776908408,-0.74142715,-0.566653698,-0.841160106,-0.712100809,-0.547327374,-0.671154969,-0.728057694,-0.165806518,-0.422785428,-0.484039456,-0.432785625,-0.421672819,-0.636496234,-0.485387595
Cyclo(Leu-Pro),-0.247544123,0.390360591,-0.319647826,-0.404099439,-0.449252786,-0.078260701,-0.123840992,-0.151459242,-0.003940241,-0.260399284,-0.095371008,-0.365348277,-0.680854213,-0.651438661,-0.606761448,-0.505865473,-0.722952881,-0.642726714,-0.525725015,-0.643870568,-0.674281726,-0.367148322,1.366377957,1.757660964,1.915173435,1.507745231,0.451656897,1.197611857
Cyclo-prolylglycine,-0.195454347,0.218237767,-0.424897466,-0.438276537,-0.460186427,0.524896727,0.449627894,0.296582605,-0.173391045,-0.275146398,-0.146183765,-0.162804682,-0.616985777,-0.661050061,-0.589547429,-0.141990716,-0.500230567,-0.468516165,-0.248258978,-0.320965323,-0.497710717,-0.195060253,0.289550616,0.439335049,2.302296965,2.404972862,-0.186064174,0.487608068
Cystathionine,0.089129526,1.677680113,-0.253655711,-0.29291309,-0.001100203,0.065991066,1.238957009,-0.092482981,-0.432699675,-0.142526878,-0.491345125,0.025387005,-0.666029637,-0.369059928,-0.545206189,-0.223676248,-0.13132909,-0.024351813,-0.401816964,-0.394151921,-0.607508269,0.079514394,-0.547913087,-0.621602117,-0.602741333,-0.5901226,2.143101977,2.098748322
Cytidine 5'-diphosphocholine,-0.324043346,-0.438748086,-0.54169019,-0.534261594,-0.578592236,-0.689707125,-0.614010008,-0.53633298,-0.76786147,-0.856359178,-0.583677707,-0.474163042,1.628727607,0.139927894,0.80574818,0.276415688,1.135038286,1.063549679,2.537216768,2.359245281,1.26800595,-0.505497539,-0.572489235,-0.632517663,-0.637513645,-0.631309852,-0.594672586,-0.592454423
Cytidine-3'-monophosphate,-0.315445297,-0.413840469,-0.516644652,-0.51019654,-0.602137389,-0.077177386,0.590144537,0.938508936,-0.697096206,-0.661250608,-0.42163441,-0.455261987,0.963446664,0.402945322,0.496750163,-0.521604576,-0.76990816,-0.651341504,3.32933099,4.148326859,-0.079680477,-0.480921256,-0.566088337,-0.625868644,-0.644310551,-0.635872373,-0.574751083,-0.595956346
Cytidine-5'-monophosphate,-0.320859363,-0.44697494,-0.472719809,-0.516129375,-0.557391626,-0.694877037,-0.619121044,-0.665383083,-0.752650532,-0.883319695,-0.698191024,-0.465355922,-0.711959444,-0.729447271,-0.69545548,1.834732023,3.402542658,3.656811051,1.893413922,2.363186806,2.570136948,-0.490024386,-0.581354906,-0.649745235,-0.645567486,-0.637135073,-0.597623613,-0.616057336
Cytisine,-0.321405204,-0.45292962,0.306720214,-0.455486476,0.355028133,0.34501625,2.23761468,0.430280975,3.572899685,6.153955224,1.179288905,-0.467975098,-0.770165695,-0.776909564,-0.740754617,-0.45752641,-0.661377053,-0.482458332,-0.547329875,-0.671158881,-0.705279305,-0.394413273,-0.583105253,-0.642803841,-0.605532964,-0.639278066,-0.636498398,-0.650220913
Cytosine,-0.242694402,-0.362828944,0.100272929,-0.317568572,-0.022953981,-0.364542518,-0.257154546,-0.339805225,-0.599835937,-0.790653549,-0.629732566,-0.452062495,0.319402818,0.003809278,0.037240036,0.548021735,0.846989992,0.970420555,1.253221035,1.369689558,2.29073632,-0.37134668,-0.542691138,-0.600703341,-0.599396077,-0.58228491,-0.260821783,-0.314425663
D-(+)-Malic acid,-0.272586638,0.537967558,2.735930738,-0.129774885,-0.010828931,-0.363280252,-0.300644395,-0.299075152,-0.489840261,-0.239595304,-0.362773187,-0.262090356,-0.704782621,-0.545514094,-0.612714036,-0.434211177,-0.400205795,-0.593966651,-0.288584891,-0.242479695,-0.637328363,-0.199225839,0.374444386,-0.027594199,0.618468858,0.552193966,0.188804884,0.89604675
D-(+)-Pantothenic acid,-0.26000419,-0.407884766,-0.409969017,-0.373125532,-0.476380111,0.644136218,0.285414452,1.212679234,0.166216933,1.503326376,0.410405051,-0.390664579,0.230634678,0.417937039,0.303677049,0.489568331,0.467198671,0.443739741,-0.015253168,-0.057765565,-0.070860744,-0.409569315,-0.35190971,-0.388239534,-0.417848818,-0.420237416,-0.51866889,-0.549340393
D-Alloisoleucine,-0.279292267,-0.209248118,-0.395445,-0.278792726,-0.506759356,0.127714197,0.152441771,0.295702842,0.529388769,0.659955818,0.51636962,-0.417653236,0.207977893,0.31916813,0.184302226,-0.079640945,-0.210250106,-0.280730189,-0.215738225,-0.317269411,-0.204318553,-0.421557101,0.020444326,0.059502978,-0.440594171,-0.001135927,0.707653999,0.842270032
D-Gluconic acid,-0.161852376,0.205753336,0.760084844,0.659072334,1.355651577,-0.412807031,-0.347637358,0.113176224,-0.562611241,0.084330429,-0.0509555,-0.257463252,-0.585541432,-0.245392119,-0.532322911,-0.370332073,-0.337103574,-0.161379096,-0.476879498,-0.511879057,-0.64749571,-0.27089688,0.377969345,0.383411415,0.403521996,0.470677694,0.006948508,0.082022703
Daidzin,-0.330050494,-0.452924017,0.221317078,-0.527172154,1.766299667,-0.651452242,-0.637486629,-0.68896113,-0.847063817,-0.895869641,-0.671313484,-0.482499261,-0.75423357,-0.776899363,-0.73453012,-0.566647742,-0.817128187,-0.712086619,-0.547321804,-0.671148706,-0.728046362,-0.468372981,1.950972296,3.410333946,2.647833324,3.180787752,-0.581381232,-0.616113642
Derrustone,-0.330056446,-0.415996324,-0.54873237,-0.540511657,-0.58657947,-0.716813817,-0.64096984,-0.715568741,7.810616897,3.391108416,3.498608159,-0.482505063,-0.770162851,-0.736983426,-0.700641479,0.179225606,1.684685981,1.64870665,-0.547327409,-0.67115626,-0.622880606,-0.505488116,-0.583103059,-0.651999106,-0.647698687,-0.639273944,-0.636496174,-0.650216817
Dihydroorotic acid,-0.327693379,-0.43756826,-0.526801552,-0.522015895,-0.625863282,2.751299918,0.851417367,11.56384398,-0.08308804,-0.304213682,0.745372905,-0.471189044,-0.646724803,-0.773497578,-0.729798684,-0.506736493,-0.556813953,-0.530900616,-0.393989592,-0.538994942,-0.616527757,-0.500413393,-0.491699675,-0.52027256,-0.477580711,-0.471421951,-0.613605856,-0.6465247
Dioctyl Phthalate,-0.330039139,-0.452911889,-0.548714767,-0.540495796,-0.641839692,-0.716787382,-0.640950272,-0.715532382,-0.847038697,-0.910536276,-0.76281944,-0.164516284,-0.770137349,4.848688461,-0.25842496,2.795170746,-0.841114065,-0.712070441,-0.547300744,6.05640368,-0.728028329,0.798617119,-0.583083497,-0.6519747,-0.647674437,-0.639244507,-0.636475866,-0.650193566
Diosmetin,-0.330054913,-0.452927569,-0.548731463,-0.540511036,-0.641856578,-0.716814945,-0.640967795,-0.715564987,2.351788608,0.95927722,1.702003892,-0.482503546,2.001037691,0.984215004,0.844287854,0.202004333,0.046491058,-0.381099442,0.009478968,0.303979354,0.720883266,-0.505487665,-0.58310099,-0.651997456,-0.647696902,-0.639272627,-0.526614341,-0.650218046
Donepezil,-0.156541062,-0.426394975,-0.137550407,-0.204025197,-0.201509715,-0.698254008,-0.59805127,-0.677157564,-0.746155409,-0.762218367,-0.67903406,0.804780248,-0.662965158,-0.721030391,-0.719697087,0.379119,0.371138708,0.681501518,0.386936033,0.403265497,-0.030077505,0.9006736,0.907957226,0.907228429,3.010064761,0.939508621,-0.634330593,-0.645656559
Erucamide,-0.290282501,-0.214737661,-0.458561902,-0.210433483,-0.395079837,-0.525413423,-0.34958431,-0.450571417,-0.616089875,-0.577045182,-0.431174506,-0.077707527,-0.59042618,-0.09927035,-0.490178292,5.002612676,0.040802243,-0.212915147,-0.072887781,0.423563894,0.132205481,0.471667173,0.035794772,-0.207440189,-0.164847945,-0.106216372,-0.309727405,-0.043569342
FA 18:1+1O,-0.130499772,0.12547322,-0.085125149,-0.139417373,-0.114612628,-0.005084427,-0.30741335,-0.129106477,0.641873759,0.412681004,0.068476721,0.229561055,-0.080895811,0.191735771,-0.159963042,-0.180857011,-0.031883263,-0.096541259,-0.071077763,-0.087782859,-0.423061152,0.56953975,-0.165769522,0.036328532,0.080773407,0.216806799,0.203975794,0.138626462
FA 18:1+2O,-0.325221568,6.312569211,-0.475368402,-0.473079233,0.240474619,-0.708746523,-0.634352612,-0.708213039,-0.842655294,-0.901458966,-0.750862119,-0.47899512,-0.757397662,-0.759573014,-0.732105367,-0.56333292,-0.834993655,-0.702722206,-0.539961603,-0.669912223,-0.719565067,-0.496419987,-0.578617361,-0.645902805,-0.610736273,-0.629799507,-0.252794463,7.593730527
FA 18:1+3O,-0.324660401,6.080164715,0.362025559,-0.026623164,0.523678456,-0.715199241,-0.636407214,-0.715185669,-0.841043259,-0.897190842,-0.757692211,-0.477519502,-0.759189282,-0.768885314,-0.732622955,-0.546797569,-0.807100101,-0.683450561,-0.527408034,-0.661500784,-0.714647301,-0.495423815,-0.558510948,-0.616859869,-0.626125287,-0.621883556,2.614945133,2.158371814
Ferulic acid,-0.324086211,-0.250374998,2.869847459,2.212443856,2.457458993,-0.68981322,-0.625468465,-0.708866461,-0.825069042,-0.810624618,-0.739328539,-0.476405838,-0.74097842,-0.750783262,-0.719253797,-0.371583363,-0.529404478,-0.654402483,-0.529084095,-0.64528748,-0.72049174,-0.481979683,0.194492049,0.268248183,0.439022026,0.114607788,-0.297445508,-0.246172957
Flavin adenine dinucleotide,-0.330052047,-0.4529215,-0.517937165,-0.540505189,-0.641849505,-0.716806966,-0.640962438,-0.680757521,0.353143476,-0.226533694,-0.645243625,-0.482492175,3.087882309,4.236528899,2.300855577,-0.566645862,-0.841145316,-0.712086576,-0.547319188,-0.671146524,1.190499813,-0.505481342,-0.583094107,-0.651991115,-0.647688742,-0.639270044,-0.636490778,-0.650208611
Flavin??adenine??dinucleotide,-0.330055856,-0.452926085,-0.548731261,-0.540510613,-0.641857449,-0.716812714,-0.640967443,-0.715567437,0.243509286,-0.364710335,-0.220465011,-0.48250448,3.339003545,4.110517673,2.255923742,-0.566652175,-0.841155995,-0.712097996,-0.54732494,-0.67115359,0.983103889,-0.505486309,-0.583102363,-0.651997903,-0.647696789,-0.639274416,-0.636494941,-0.650216627
GABA,-0.244481649,-0.448843674,-0.482756735,-0.480922412,-0.573316805,0.483261836,0.006149767,0.883276324,0.910619146,0.573297698,0.535075484,-0.404016842,1.662918266,1.410947354,1.569535847,-0.222308559,-0.359214358,-0.243856667,-0.450597264,-0.603597171,0.385352966,-0.374726799,-0.568848095,-0.644166297,-0.631143872,-0.617411789,-0.625910359,-0.64236407
Galactinol,-0.125991947,0.026017598,-0.222221733,-0.319756721,-0.321981357,-0.712781327,0.355064649,0.721884368,-0.630304406,-0.762139114,-0.369600449,-0.212776001,-0.753991944,-0.755090783,-0.725428351,-0.367205355,-0.513507042,-0.397310518,-0.507884809,-0.602355645,-0.715668159,-0.245084648,1.879460584,2.046807001,2.102594647,2.016230921,0.03396538,0.034300804
Genistein,-0.322874575,-0.450561717,-0.35729522,1.082278576,-0.605424186,-0.662807264,-0.61031127,-0.690967143,-0.711055522,-0.833150316,-0.630669206,-0.477170237,-0.661109838,-0.690971124,-0.649261005,-0.540192881,-0.838037516,-0.699794046,-0.543321834,-0.639206128,-0.722915706,-0.498917826,1.988236248,2.919057401,2.457657038,3.190545004,0.651892314,-0.637638334
Glu-Val-Phe,0.048694057,-0.331221072,-0.420873392,-0.322610582,-0.451233047,-0.68952991,-0.575426069,-0.68556139,-0.663536021,-0.83294105,-0.6265286,4.658470994,-0.659061279,-0.655140738,-0.538057123,1.03351757,0.965697501,1.285677788,0.491790386,0.805044793,0.030521877,3.092923567,-0.231141594,-0.151605284,-0.146463252,-0.338609066,-0.445200048,-0.475919878
Glutamate,0.061939049,0.031340191,-0.511581351,-0.471626095,-0.613397801,-0.335305946,-0.285847682,-0.362830609,-0.323400007,-0.315127699,-0.145114056,-0.041182776,-0.386791984,-0.213249367,-0.316118621,-0.034946957,-0.038592999,-0.270501099,0.470139304,0.717506547,0.206811797,0.161060821,0.824053285,0.832622504,0.977247634,0.936909301,-0.292362083,0.325041572
Glutamine,0.00093217,1.399464798,-0.396865336,-0.393424269,-0.401295258,-0.44177891,-0.493926278,-0.530193516,-0.492789259,-0.572739047,-0.487640883,-0.048213221,-0.510790856,-0.569148836,-0.52000166,-0.303454714,-0.197981232,-0.170023995,-0.325907645,-0.394783341,-0.519502708,0.025566881,0.666349145,0.757271818,0.52345411,0.590382491,1.704291885,2.005622366
Glutaric acid,-0.284133237,-0.437040666,-0.092806323,-0.04218033,0.031727421,0.234519833,0.438672242,-0.104185941,-0.423992285,0.044326687,-0.275893664,-0.422949966,0.17780448,0.665591348,0.339657902,0.067981613,0.474248123,0.05370064,0.912010933,0.945628975,-0.040259664,-0.431737367,-0.172614313,-0.232298243,-0.227984955,-0.257971386,-0.597952124,-0.614396845
Glutathione (oxidized),-0.330010184,-0.451120625,-0.50158035,-0.482136875,-0.588145993,0.193845355,1.788174639,2.074793376,0.689034867,1.138058448,0.150744891,-0.482513147,0.689730566,0.907137802,0.505024397,0.000647743,-0.004163215,0.802437,-0.255532914,-0.289319917,-0.315982009,-0.505497416,-0.583107922,-0.652004023,-0.647703757,-0.63928119,-0.631936095,-0.644274183
Glutathione (reduced),-0.256794052,-0.435370864,-0.528446601,-0.507632746,-0.629628927,-0.52815146,-0.588087291,-0.544252987,-0.595548405,-0.713894145,0.173226912,-0.377557248,2.740451975,5.684990362,0.058415825,-0.550179959,-0.785518031,-0.661990838,1.193219407,-0.14695719,-0.171220126,-0.418231545,-0.465472626,-0.55038241,-0.535175388,-0.553272936,-0.617197841,-0.631660235
Gly-Ile,0.261793369,0.033041827,-0.112210461,-0.148427274,-0.061639788,-0.336143362,-0.29358899,-0.302696153,-0.104635207,-0.194420966,-0.15975613,0.564593379,-0.405143953,-0.409019841,-0.448050294,-0.091540339,-0.128536079,0.000292465,-0.067053142,-0.070271448,-0.3811976,0.42391338,0.584754726,0.63871404,0.713708979,0.658730809,0.087535549,0.228569856
Gly-Leu,0.337289306,0.091898118,0.010424316,-0.096912952,0.081446427,-0.28864208,-0.384075417,-0.441850452,-0.23471416,-0.255644152,-0.264182962,0.602812605,-0.414875438,-0.438496757,-0.220187341,-0.179534062,-0.087486123,0.026137571,-0.168140256,0.063510019,-0.443540293,0.612398351,0.569188123,0.567620316,0.486382367,0.449084891,0.089838,0.237327328
Gly-Tyr,0.079652112,-0.033485249,-0.006856529,-0.073194204,0.014107376,-0.504897609,-0.441528845,-0.448827198,-0.218595393,-0.19082939,-0.201322079,0.218774618,-0.328818043,-0.276595727,-0.428644136,0.79668389,1.274123689,1.346334704,0.437985356,0.55493458,-0.270701044,0.263915345,0.167796779,-0.551113461,-0.563054932,0.120115053,-0.030306055,0.0977161
Gly-Tyr-Ala,-0.309983427,-0.173089183,-0.223014915,-0.189718104,-0.157351631,-0.701436065,-0.497260545,-0.685293342,-0.833378544,-0.732353556,4.637653371,-0.415475561,2.557820108,-0.768340927,-0.731456846,-0.553239646,-0.821881194,-0.692585231,-0.539143738,-0.664889729,-0.720856418,-0.445201175,0.984308117,0.991946103,1.158393725,0.6810601,-0.341095829,-0.2883557
Gly-Val,-0.218925411,0.745413929,-0.315669502,-0.317638214,-0.323325073,-0.082959213,0.070538633,-0.012145335,0.110210654,0.110857812,0.193657612,-0.28316958,-0.111596932,-0.120074802,-0.223225665,-0.409453942,-0.546966841,-0.456539529,-0.404748275,-0.49972826,-0.415816709,-0.299592422,0.373176711,0.312980828,0.464543311,0.37960348,0.925196257,1.320643169
Glyceraldehyde,0.473842538,-0.112331421,-0.487697949,-0.474199306,-0.499887044,1.284414663,0.248593924,0.871105464,2.451710066,2.217364911,1.741892328,0.322399558,-0.608332859,-0.644153478,-0.404271853,-0.554662687,-0.580887935,-0.631221225,0.072849076,-0.044067213,0.642012687,0.954260236,-0.557442296,-0.632714764,-0.625699953,-0.620519228,-0.392535753,-0.463392773
Glycocholic Acid,-0.313253991,-0.4436531,-0.542404164,-0.52922411,-0.535019074,-0.705074628,-0.624879912,-0.697284506,-0.802719296,-0.895150063,-0.755056587,-0.447846316,-0.757435084,-0.744160609,-0.728999241,-0.550452713,-0.755093191,-0.700733749,-0.484576331,-0.041345113,-0.28081576,-0.452914565,2.961233056,3.445188964,3.641118532,3.771113029,-0.625430628,-0.569081961
Guanidinoacetic acid,-0.131433336,0.617368684,-0.040573104,0.197318063,0.229038134,-0.361563787,-0.275087665,-0.32237495,-0.15457398,0.003073043,0.428238436,-0.362911557,0.146504875,0.496255709,0.228948944,-0.193893709,-0.375982469,-0.20735618,-0.270454524,0.206040452,-0.015145862,-0.303201078,-0.295802384,-0.053778866,-0.017775864,-0.13423109,0.130065832,0.024431661
Guanine,-0.287586708,-0.449518503,-0.013196983,-0.325315749,0.033670324,-0.123823848,-0.550006365,1.117150853,0.205998525,-0.888287615,-0.738751943,-0.467140666,1.950354984,0.962295949,0.735395891,-0.219307067,-0.256695734,-0.336249324,0.748232315,0.530008537,1.809712733,-0.466005582,-0.561372219,-0.630414809,-0.62673916,-0.614294509,-0.62366979,-0.635813579
Guanosine,-0.274068032,-0.300882319,0.740388564,0.006200611,0.691369988,-0.122783495,-0.625598552,0.107147514,-0.640000179,-0.847831496,-0.640956978,-0.444478496,-0.50101368,0.700444422,0.660395901,0.355986195,0.425043002,0.353247817,0.092484541,1.650678975,0.759983469,-0.430958209,-0.551409419,-0.606346738,-0.609832661,-0.593765769,-0.102533122,-0.097451541
Guanosine 5'-diphosphate-D-mannose,-0.330054077,-0.452926851,-0.548729358,-0.540508802,-0.641854781,-0.716813893,-0.640967607,-0.715564466,-0.847071505,-0.910558503,-0.762841058,-0.48249953,-0.339101448,-0.763950247,-0.456109681,3.383720045,8.809229111,5.61943928,0.095937097,-0.671152894,-0.728055008,-0.505484461,-0.495508469,-0.651997059,-0.476203939,-0.639273913,-0.636495288,-0.650213763
Guanosine 5'-monophosphate,-0.315060386,-0.428178204,-0.394993704,-0.377214771,-0.452454401,0.210940341,0.353205263,1.79973202,-0.199505761,-0.526123153,-0.20969411,-0.449066549,0.99582004,0.57241481,0.563119864,0.220186441,0.728571991,0.641519969,0.363883201,0.619253719,0.848689259,-0.477588023,-0.552924596,-0.616360506,-0.607255441,-0.602342132,-0.6072973,-0.622385002
Guanosine cyclic monophosphate,-0.311854307,-0.404242291,-0.435051112,-0.225913844,-0.496385007,-0.540528525,-0.136508164,0.261560383,-0.387318148,-0.635389732,-0.371333409,-0.453750429,2.780927368,3.11916191,0.999649345,-0.515771087,-0.764101143,-0.65560329,-0.355757099,-0.349481698,2.166362231,-0.463136367,-0.532064495,-0.57587628,-0.575836241,-0.561011631,-0.624793513,-0.635516331
Harmane,0.192417811,-0.45292786,-0.432117946,-0.415885876,-0.185810447,4.859596335,2.473011016,0.820929803,2.834616715,1.17234432,-0.090124345,-0.220855757,-0.587272642,-0.570572138,-0.357043909,-0.555202769,-0.768797884,-0.699458756,-0.547328068,-0.671156812,-0.700930947,-0.186656473,-0.442796517,-0.45214334,-0.504618333,-0.51949432,-0.523454788,-0.642025025
Histamine,-0.101184094,0.29374585,-0.44482852,-0.434629594,-0.505472774,-0.184141738,-0.044635428,-0.169128722,-0.341038685,-0.020782243,-0.045470062,-0.311226967,0.732156571,-0.288862233,-0.275235444,-0.502004521,-0.600626515,-0.555975266,-0.369604167,-0.531767918,5.749852102,-0.258065166,-0.477738345,-0.388824536,-0.287595902,-0.301408075,0.427189997,0.618583828
Histidine,-0.309877694,4.352864322,-0.435662786,-0.427472627,-0.499747085,-0.228910336,0.06986001,-0.021074143,0.012553668,0.247170336,0.164494929,-0.451788002,-0.147771189,-0.230699219,-0.126519435,-0.509941939,-0.653359597,-0.580103305,-0.377967391,-0.492145797,-0.532629961,-0.470848613,-0.3577852,-0.428869257,-0.392600969,-0.36844912,0.932582063,1.154070646
Homoarginine,2.015549981,-0.390465998,0.559668879,0.540113396,0.790614419,-0.352424995,-0.259744353,-0.1435106,-0.448641059,-0.666891589,-0.485835748,3.926897502,-0.589131106,-0.593608002,-0.563155237,-0.309085065,-0.611027163,-0.419358707,-0.324199116,-0.369555759,-0.494594264,2.70432504,-0.306537249,-0.382270796,-0.351508992,-0.35194664,-0.534025338,-0.541868407
Hyperoside,-0.330059533,-0.452929979,3.588532137,4.835482204,2.530731205,-0.690354526,-0.63815204,-0.693254925,-0.842504948,-0.910568285,-0.734210702,-0.48250944,-0.76087938,-0.754098606,-0.723105544,-0.563709165,-0.841163261,-0.712102181,-0.547329224,-0.671158952,-0.728059224,-0.505493371,-0.544615238,-0.612540434,-0.586632479,-0.586226197,-0.636498542,-0.650221043
Hypoxanthine,-0.142226638,-0.393203815,-0.49351819,-0.496346043,-0.598921176,0.676326296,-0.162467586,0.313299311,-0.539790765,-0.416797002,-0.152836978,-0.292853847,-0.315877562,-0.33794047,-0.232072988,0.373509803,1.04625915,0.993015019,1.829618365,1.559510284,2.994109306,-0.108086832,-0.543965285,-0.635783724,-0.647703563,-0.616545244,-0.585208787,-0.539193139
Indole-3-acetyl-L-glutamic acid,-0.284073784,-0.428199444,3.499632105,2.24313919,2.552782518,-0.302076555,-0.359468356,-0.344438165,-0.433039535,-0.58410394,-0.257063442,-0.430189118,-0.549222944,-0.434706461,-0.51654929,-0.565660951,-0.82476674,-0.707965901,-0.207239737,-0.421371708,-0.518239489,-0.411698974,-0.535111614,-0.542838268,-0.55656392,-0.538504488,-0.613303453,-0.607012316
Indole-3-carboxaldehyde,-0.142883386,-0.139595793,-0.171455445,-0.180219736,0.139034491,0.178693011,0.144433331,0.125773005,0.440137565,0.813415556,0.298264293,-0.133493147,0.411087979,0.554447707,0.652401692,-0.432996377,-0.62605576,-0.539869506,-0.314165721,-0.308548784,-0.156542294,-0.181630919,-0.192449891,-0.133349764,-0.151663599,-0.126117154,-0.020900813,0.022020038
Indole-3-carboxylic acid,0.977939415,-0.182598524,-0.008643061,-0.035957848,-0.317734155,-0.230441611,-0.414354734,-0.491277653,0.033779553,0.098860515,-0.384291882,1.923334204,0.663638474,0.727782519,0.3580027,-0.303317347,-0.499882529,-0.52688107,-0.416488417,-0.41056139,-0.139538523,1.883344392,-0.34786803,-0.348091505,-0.331158928,-0.330105831,-0.279770435,-0.192975434
Indoleacetic acid,-0.330057977,-0.371259527,0.209666704,-0.151303773,0.512578614,0.539091994,0.355088641,0.22684793,0.539860261,-0.142736851,4.290755908,-0.48250663,-0.470836145,-0.641171645,-0.143926542,-0.020573161,-0.031683425,0.160620143,-0.492408245,-0.459903192,-0.58907617,-0.460673803,-0.243668182,-0.183585114,-0.450116959,-0.423033237,-0.27894905,0.189921539
Inosine,-0.327295271,-0.447040818,-0.538473005,-0.535107567,-0.628013368,-0.402852639,-0.600972732,-0.697788605,-0.84098759,-0.910010168,-0.760591926,-0.482047198,-0.761234352,-0.658720503,-0.647685974,1.19194069,2.148577833,2.302959541,0.883491991,6.064863967,3.439104031,-0.503881944,-0.5723065,-0.647478184,-0.647568731,-0.639228303,-0.59930102,-0.624118169
Inosine-5'-diphosphate,-0.330061559,-0.433857012,-0.548735859,-0.540514675,-0.641863165,-0.716820978,-0.640974255,-0.715574966,-0.824877935,-0.884276996,-0.746074996,-0.418316117,-0.77016736,-0.776911878,-0.741430869,-0.317809565,3.755254396,5.745713207,3.448500128,4.392329266,0.427863427,-0.449046524,-0.55148397,-0.608416681,-0.618323066,-0.617866081,-0.617347746,-0.627215077
Inosine-5'-monophosphate,-0.328590319,-0.452931913,-0.548387641,-0.540114339,-0.641863648,-0.710191686,-0.63834346,-0.713051365,-0.845227725,-0.910571806,-0.762852848,-0.480806961,-0.769624773,-0.77691219,-0.740955158,1.591762765,3.636703171,3.555361536,2.476475642,2.869791959,2.524307009,-0.502310649,-0.583108055,-0.651558651,-0.646572875,-0.638758984,-0.636501906,-0.650224607
Inosine-5-monophosphate,-0.329930881,-0.450083371,-0.546620236,-0.540298671,-0.640882522,-0.712279354,-0.639357248,-0.713730893,-0.846532177,-0.910393687,-0.761460961,-0.481069925,-0.768619431,-0.775620539,-0.740257375,2.018287089,3.582133364,3.873705055,1.985226288,3.152962202,2.032342428,-0.504828833,-0.582426508,-0.651118724,-0.646026005,-0.638297942,-0.632885378,-0.648868955
Isoleucine,-0.046751631,0.430851042,-0.356803483,-0.390589609,-0.454939973,0.157507187,0.086952202,0.182297828,0.304973729,0.496397803,0.277973898,-0.323109135,0.051075044,0.13319795,-0.001525553,-0.109156584,-0.153183373,-0.419251491,-0.254514187,-0.306479996,-0.20233865,-0.33489952,1.552506602,0.032977185,-0.294665378,-0.205815419,-0.019111419,0.089571352
Isoleucine (not validated),0.012986119,0.597968111,-0.409582601,-0.426302974,-0.447859399,-0.137819227,-0.083452352,-0.045201586,0.05726821,0.243845921,0.120208491,-0.190672981,-0.124433875,-0.042335305,-0.037541836,-0.166502946,-0.362929425,-0.122757766,-0.298963249,-0.336515735,-0.367564286,-0.208046888,-0.082197815,-0.015681399,0.372580955,-0.092267178,1.496588493,1.327324283
Isoleucylisoleucine,0.312059459,0.161947452,0.644812184,0.459945126,1.059207791,-0.596293104,-0.545973145,-0.542846357,-0.68609824,-0.764769604,-0.661847346,1.400041639,-0.385702941,-0.43594808,-0.282703198,-0.066832504,-0.170495029,-0.047003979,-0.246600895,-0.309764623,-0.389338274,1.324711149,-0.239740176,-0.107808756,-0.132827235,-0.162433658,0.788028645,0.276045391
Isopentenyladenine,-0.327543734,-0.436503734,-0.546839431,-0.538962559,-0.619823371,-0.643141379,-0.499806573,-0.501082792,0.869828072,0.492547262,0.791481355,-0.480019945,2.796171717,0.457195466,0.865967919,-0.513242963,-0.573992084,-0.595784012,0.522373934,-0.148179961,3.711236048,-0.50043456,-0.568147055,-0.651475555,-0.647703532,-0.593056148,-0.631095186,-0.598873543
Isopongaflavone,0.252695328,0.122905709,-0.160347489,-0.169612213,-0.016339904,0.122718814,0.073063303,0.252280456,0.035104319,0.096504188,0.041793561,0.368834041,-0.209083693,-0.165252997,-0.19809877,-0.032868047,0.053167236,-0.050352589,0.024272128,0.184998001,-0.018785391,0.464636133,-0.06872043,-0.119930409,-0.01831455,-0.080254182,-0.06492776,-0.039602862
Kaempferol-3-O-glucoside,-0.314789218,-0.438226295,3.604020796,4.317511788,2.928796283,-0.704033996,-0.632464818,-0.703297484,-0.750142178,-0.791985326,-0.749683592,-0.426216902,-0.726777997,-0.765914894,-0.733717675,-0.556059798,-0.818271293,-0.673918828,-0.520834425,-0.671157281,-0.71464195,-0.476288352,-0.56888631,-0.635219609,-0.631122881,-0.60786238,-0.585941419,-0.620517438
Kaempferol-4'-methyl ether,-0.330059294,-0.384353627,-0.548733352,-0.540513103,-0.641860993,-0.716818496,-0.640971662,-0.715572089,1.928961182,1.158321914,1.873740169,-0.482508958,2.186289462,1.045561833,0.870013366,0.039342143,-0.119799401,-0.599042668,0.116260364,0.128350119,0.679526687,-0.505493618,-0.583104421,-0.652000376,-0.647700328,-0.639277505,-0.495544349,-0.501451312
Kynurenine,-0.272496941,1.143935578,-0.324239957,-0.353426576,-0.433238263,-0.232794694,-0.272784304,-0.243763321,-0.234760924,-0.297793153,-0.36314253,-0.411974628,-0.271684831,-0.37609517,-0.267774693,-0.494266937,-0.704128054,-0.605293899,-0.466545622,-0.622420386,-0.390110406,-0.412180275,1.129012013,1.463415691,1.414148535,1.284824778,0.403404219,0.603512828
L-Glutamic acid,0.103304867,0.072563434,-0.469552153,-0.469390113,-0.3421767,-0.175388829,-0.080325452,-0.03442425,0.172580178,0.227224592,0.120562699,0.219233833,0.114401831,0.041759342,0.067526639,-0.051157403,0.192348251,-0.038152759,0.360852685,0.559812426,0.359114369,0.225212542,-0.200024092,-0.26083311,-0.264625833,-0.188486418,0.328981029,0.289267903
L-Histidinol,0.474386417,-0.445151388,-0.528374617,-0.521440099,-0.619425684,-0.634147542,-0.312512696,-0.477798692,0.077469694,-0.603703385,-0.463857359,-0.456912276,2.678919793,0.044609981,1.627762158,-0.083547179,-0.122468802,1.011534567,1.582800758,0.780358743,0.441499018,-0.467867892,-0.583015998,-0.651858287,-0.647393316,-0.63513591,-0.622189378,-0.636451221
L-Saccharopine,-0.278681003,-0.437072035,-0.514423655,-0.505847764,-0.575995419,0.884160099,-0.111481857,-0.161484211,-0.610613432,-0.194495839,-0.590633602,-0.294720477,2.797201131,0.349724037,1.646483157,-0.305014512,1.399838774,0.260616832,0.422809341,0.136599213,0.150374984,-0.420935592,-0.530867265,-0.598224574,-0.576808573,-0.581803945,-0.434975134,-0.615883199
L-Tyrosine,-0.27159954,-0.372739566,0.850928163,0.785497558,1.631466615,-0.034774768,0.016269813,-0.260929344,0.293043621,1.052810063,0.8850984,-0.411471584,-0.162096495,-0.233448472,-0.151098992,-0.300975173,-0.041333744,-0.120285435,-0.313936259,-0.436299072,-0.100541489,-0.422335536,-0.290829826,-0.350536498,-0.509800119,-0.386561213,-0.523611482,-0.485201864
Leu-Leu-Tyr,0.703052683,-0.296688247,0.492381192,0.59248734,0.900475079,-0.640185714,-0.612627453,-0.628301301,-0.596306666,-0.800289519,-0.680500216,1.635972569,-0.573060085,-0.649508732,-0.57441674,0.109140763,0.104653374,0.193779998,0.170012878,0.24566719,-0.332018136,1.584023324,0.231654202,0.385983739,0.31545916,-0.222375905,-0.441809404,-0.427289909
Luteolin,-0.027459642,-0.452930738,3.605291925,3.759812287,3.07436226,-0.716819741,-0.640973299,-0.715573619,-0.847078919,-0.910569568,-0.69840018,0.114655166,-0.770166365,-0.776910966,-0.741429972,-0.566656783,-0.841166274,-0.712104531,-0.547330766,-0.671160479,-0.728060541,0.177672149,-0.58310686,-0.635697369,-0.635075197,-0.63927993,-0.636500205,-0.650222932
Luvangetin,-0.33005984,-0.452929858,2.523756364,3.406679327,3.209949868,-0.673221209,-0.640972442,-0.715572658,-0.847077342,-0.902467817,-0.762849772,-0.482509721,-0.164846625,-0.198931538,-0.276342286,-0.522638091,-0.792918322,-0.712103541,-0.232004523,-0.297820703,-0.348915267,-0.458314203,-0.573760858,-0.643803896,-0.6252121,-0.621568758,-0.636499639,-0.650222008
Lysine,-0.303831959,-0.195223619,-0.500885303,-0.496282034,-0.591300262,0.616507138,0.53688036,0.414699276,0.733131446,0.797577657,0.670670209,-0.451051899,0.088783628,0.356624599,0.205037026,-0.461742584,-0.591885091,-0.53695145,1.135268527,1.202189184,-0.317289353,-0.457472392,-0.200667266,-0.201619325,-0.12270814,-0.160480949,-0.237929953,-0.179674661
Maltol,-0.051060981,0.676844315,-0.202028558,-0.248034623,-0.221893497,-0.154231141,-0.457384046,-0.490335534,-0.756548791,-0.849903981,-0.721232334,0.194127095,-0.750834799,-0.692037359,-0.70256547,-0.541623549,-0.802287696,-0.678395363,-0.534538433,-0.66945643,-0.723246248,-0.134770825,1.119231568,1.949515659,1.529602657,1.262230155,1.871240124,1.317464208
Maltose,-0.040099396,-0.322684602,0.926844378,0.879475934,1.125032996,-0.455850573,-0.37878157,-0.301049862,-0.812583583,-0.883855394,-0.721485323,-0.040724572,-0.742189913,-0.752513321,-0.721145365,-0.534752922,-0.747812598,-0.656790557,-0.521959455,-0.628904295,-0.696128277,-0.124052111,1.438348031,1.528763633,1.813853422,1.82241934,-0.509907778,-0.514098429
Mannitol,1.091555862,-0.03277237,-0.234313868,-0.23218858,0.059635629,0.136506472,-0.021467826,-0.240113148,0.139996883,0.236024401,0.614339268,0.561279413,-0.259869043,-0.32520668,-0.117012041,-0.22497494,0.006798317,-0.211733022,-0.055110355,0.048793012,-0.254538833,0.720393648,-0.154459668,-0.10881319,-0.141182488,-0.116183942,0.030118244,-0.072858016
Meglutol,-0.235262497,-0.010003765,-0.42820361,-0.431865928,-0.502558288,0.06083996,-0.225923759,-0.018017606,0.012585427,-0.131301955,-0.241704795,-0.311569869,0.307135166,0.07759038,0.010221135,-0.24191371,-0.076833671,-0.226998228,0.390482366,0.52356899,-0.001809166,-0.293291685,0.547438864,0.559094651,0.521985404,0.465615427,0.012586762,0.113928189
Melezitose,-0.17256779,0.095097835,1.328897779,1.143262599,1.793781664,-0.691237846,-0.606119091,-0.683846611,-0.81968985,-0.888480071,-0.699175355,-0.06187682,-0.765351274,-0.765180407,-0.735650195,-0.487969211,-0.692162439,-0.630497364,-0.476194585,-0.561350635,-0.660302339,-0.237820763,0.849022664,1.031367261,1.01130014,1.035193108,0.083601203,0.111618789
Melibiose,-0.043934444,-0.267466681,-0.396447925,-0.044147444,0.303060905,1.334746691,0.715628373,1.445063879,-0.350276558,-0.531910788,-0.037069125,-0.080750829,-0.734124433,-0.714978442,-0.712342349,0.028414758,0.006614069,-0.002641911,-0.286187004,-0.168394395,-0.646640609,-0.432662725,0.904014717,1.148507445,1.180552574,-0.398268332,-0.320454429,-0.358297923
Methionine,-0.250310684,0.633249328,-0.521111256,-0.519495491,-0.630379977,0.058892831,0.027936136,0.038823781,0.366594538,0.514050254,0.269307787,-0.355230478,0.018844909,0.040228183,-0.078597931,-0.031587833,-0.292901117,-0.224613106,-0.100303682,-0.080383911,-0.147471541,-0.347758936,0.047975865,0.098126299,0.090568199,0.095810051,0.804317386,0.893986849
Methioninesulfoxide,0.025812196,0.07749738,0.061052304,0.011855372,0.334384683,1.051937716,0.714323816,0.648276234,-0.183749646,0.406673764,-0.274386904,0.028184659,0.13043789,-0.371220554,0.059889799,-0.438419007,-0.366549019,-0.405508386,-0.438854347,-0.553353938,-0.105889725,0.156608912,-0.262654378,-0.297375552,-0.242463068,0.041324417,0.078274318,0.213222636
Methohexital,-0.076812202,-0.316406944,-0.125892572,-0.44675333,-0.063284903,-0.160723335,-0.203682302,-0.191238597,0.293877401,0.01222392,-0.432350801,-0.023056981,-0.063133542,-0.647292646,-0.006793363,-0.394269137,-0.448072968,0.654475278,-0.396221005,-0.475388728,-0.083793419,0.093052407,0.117521852,1.54407658,1.625624228,0.009369125,0.316614457,0.472035289
Mucic acid,-0.174616276,-0.218371826,-0.21825969,0.048039887,-0.223179369,-0.715705719,-0.638974174,-0.712729991,-0.78008181,-0.819730905,-0.688702606,-0.448543907,-0.722552161,-0.57756911,-0.600368561,-0.564585372,-0.840950785,-0.707866018,-0.480306759,-0.568717893,-0.71473957,-0.389284136,2.390003159,2.515896698,3.887872461,2.713733355,-0.332240702,-0.246269959
"N,N-Dimethylarginine",0.643408613,-0.279461475,-0.457610059,-0.410223121,-0.488504081,0.089419126,0.208779038,0.418491955,0.082716113,0.284258059,0.128882449,0.899856866,0.060680253,-0.104685292,-0.110745932,-0.248716892,-0.203092555,-0.138045581,0.242983282,0.404940395,0.236626717,0.876012107,-0.052833767,-0.069547559,0.014955245,0.049614625,-0.34482975,-0.351417083
"N,N-Dimethylglycine",-0.261937041,-0.405186283,-0.351179088,-0.492335033,-0.288849406,0.592377373,0.347389017,0.39704763,0.010057032,1.412560887,0.298243131,-0.390461763,0.25643569,0.155019202,0.694427444,0.35595669,1.952422347,0.722320762,0.164933,0.217693517,-0.109678663,-0.394353105,-0.556918182,-0.613124796,-0.619105923,-0.587419085,-0.583310446,-0.597423889
N-Acetylaspartic acid,-0.146648273,-0.282001076,-0.143187775,-0.195258787,0.052248656,1.871980049,1.979992432,1.273978238,0.759528342,0.93133063,0.140945072,-0.474294436,-0.180604345,-0.229852176,-0.261088934,-0.422347084,-0.589542647,-0.509596347,-0.133145033,-0.238673664,0.185265843,-0.207108704,-0.381083164,-0.384676236,-0.404946535,-0.309908342,-0.557066994,-0.321102835
N-Acetylglutamic acid,-0.299399896,-0.364643959,-0.362287251,-0.304109689,-0.408036354,2.128847602,2.051992156,0.952645951,0.190794273,1.887136011,-0.063247347,-0.440765893,-0.323361176,-0.448751201,-0.36962909,0.606843188,0.543929474,0.971488812,-0.235456719,-0.347371568,-0.203223941,-0.450496574,-0.492597859,-0.550270692,-0.527376122,-0.520124615,-0.521323156,-0.512909907
N-Acetylhistidine,-0.330061117,1.475734938,-0.245809912,-0.438982737,-0.146309664,0.217965855,1.259852748,-0.10820677,-0.354850156,-0.142376426,-0.532340011,-0.482512028,-0.303315317,-0.464319807,-0.385425528,-0.487218699,-0.668552207,-0.410362097,-0.202122131,-0.429585438,-0.402771413,-0.505496253,0.062485406,0.237585461,0.075184772,0.161503398,1.718358682,1.251393927
N-Acetylleucine,-0.319879098,-0.422128968,-0.380380194,-0.348014233,-0.437852625,1.239033702,5.400216841,0.295154299,0.48135729,1.721437165,1.771451877,-0.466890286,-0.533668136,-0.617650686,-0.541978477,0.030118889,-0.097325045,-0.448605915,-0.423368604,-0.553582211,-0.515406618,-0.494039675,-0.499357145,-0.518325812,-0.570528999,-0.489988722,-0.577405363,-0.593240542
N-Acetylmethionine,-0.307506781,-0.433313715,-0.507090072,-0.487342641,-0.632426907,1.296168014,1.82197194,0.785892062,0.791984774,1.665349227,0.334673265,-0.481826439,0.440121728,0.819728043,0.401764978,-0.254810236,-0.480099102,-0.629666443,-0.459488118,-0.568486576,-0.187195012,-0.504777385,-0.153555534,-0.159556054,-0.128015278,-0.153095384,-0.628102642,-0.639324698
N-Acetylphenylalanine,-0.315159282,-0.442837706,-0.365385233,-0.356823743,-0.435634299,2.887050832,5.098567311,0.85706911,0.855298435,1.903731218,0.185928214,-0.472832151,-0.46589732,-0.601837235,-0.535252283,-0.211588056,-0.461750108,-0.455986332,-0.448909841,-0.572131989,-0.450140317,-0.503046925,-0.514262895,-0.564084083,-0.644305891,-0.543306493,-0.576220685,-0.593308813
N-Acetyltryptophan,-0.111506525,-0.343092346,0.033374787,-0.128195897,0.631496707,-0.430975739,0.062215712,-0.346177638,-0.342595001,-0.351523278,-0.527820609,-0.11089703,-0.002180865,-0.564237257,-0.417084857,-0.430274332,-0.573970961,-0.530873007,0.132664131,-0.027914751,-0.392141228,-0.032415713,1.071253658,1.315709982,1.546117476,1.417478999,-0.454486024,-0.48980245
N-Formylmethionine,-0.3184642,-0.100955926,-0.527450407,-0.515871808,-0.639313151,1.990021222,0.760299105,0.776989313,0.262589966,0.154669562,-0.015884156,-0.443608384,0.550197595,0.922589129,0.403321875,-0.167468043,-0.411129685,-0.369368684,-0.057885274,-0.186683693,0.390651929,-0.460378458,-0.408413432,-0.453881978,-0.45570698,-0.408009405,-0.003080537,-0.062558857
N-acetylphenylalanine,-0.160450271,-0.422618251,-0.12092058,-0.065462563,-0.052284911,0.78430796,2.30140051,0.238772744,0.379283938,1.034380167,-0.079531562,-0.264489706,-0.608297226,-0.697169711,-0.576451344,-0.274345604,-0.414696433,-0.327057714,-0.465542092,-0.581551308,-0.519274082,-0.164956179,0.732035735,0.886493709,0.427742573,0.703631454,-0.582349184,-0.567403006
N6-Isopentenyladenosine,-0.326112724,-0.452931514,-0.517661942,-0.525190078,-0.596126972,-0.340565303,-0.247969638,-0.47043045,-0.501190018,-0.670515058,-0.433140634,-0.457885932,-0.680413232,4.472032675,3.082180673,0.142332023,0.006546048,0.14073531,-0.431752467,0.464976682,0.446125714,-0.495078969,-0.53401104,-0.627275693,-0.551948655,-0.573958184,-0.622477428,-0.637658158
N8-Acetylspermidine,-0.188224957,-0.367035585,-0.255427398,-0.218301681,-0.305366667,0.2505259,-0.27198786,0.23084635,0.562887182,0.15349434,0.167388397,-0.081947775,-0.140940165,-0.394035231,-0.347930327,0.234981702,0.596491929,0.558847567,0.703534665,0.653368007,2.783966559,-0.059019872,-0.422031218,-0.521225645,-0.509521193,-0.470755841,-0.430793242,-0.477877554
NIACIN,-0.293824805,-0.364987528,-0.437659938,-0.423483447,-0.474438117,0.38602371,0.428079209,0.547472593,0.408283562,0.076273362,0.123141837,-0.424739016,0.132590426,0.229194744,-0.079502857,-0.056798501,0.033355976,0.133994704,0.852844691,3.12266447,0.830020936,-0.441773213,-0.498095796,-0.556396633,-0.554412885,-0.539424975,-0.444940887,-0.460829975
NIACINAMIDE,-0.308729507,-0.451979575,-0.44199191,-0.447919684,-0.447984811,-0.127297096,-0.321426049,-0.306234928,-0.452658379,-0.375217526,-0.452005046,-0.449189587,-0.031530585,1.030287936,0.941266508,1.309296427,1.135069866,2.852932314,0.991568759,0.569394459,-0.360389021,-0.476090386,-0.500443202,-0.522385615,-0.4759206,-0.439968694,-0.634754823,-0.648190239
NP-000004(11),-0.330056414,1.388266286,-0.530774177,-0.521172794,-0.620979284,-0.606554531,-0.544921738,-0.572468851,-0.612174019,0.880374678,0.534145237,-0.482504432,-0.161117746,0.083633768,0.097447746,0.109597786,0.71556441,-0.64195227,-0.248408286,-0.32840242,0.557078451,-0.451416514,-0.474923838,-0.490283958,-0.607151339,-0.611494004,2.072543651,2.588168809
O-Acetyl-L-homoserine,-0.267213275,-0.161663259,-0.419874899,-0.374043953,-0.458860637,0.460968268,0.467303845,0.372924758,-0.101680484,0.220432303,0.105255023,0.076875162,-0.160234179,0.499878379,-0.056217483,0.292667812,0.073284416,0.136191082,-0.288225714,-0.17604297,-0.247729458,0.53215963,-0.045007795,-0.496628691,-0.523731333,-0.461810743,0.9882237,0.828305302
Ornithine,-0.26950589,-0.445979664,-0.506280571,-0.497545939,-0.617369948,1.913027766,1.558605469,0.841723966,0.205300214,0.817555215,-0.011348818,-0.435918676,-0.139116258,-0.012903562,1.040841161,0.428040571,0.974130902,1.353304319,-0.131388833,-0.314348158,-0.51552325,-0.425048402,-0.577235194,-0.646619891,-0.640471735,-0.632387021,-0.627936185,-0.636657729
P-Toluenesulfonic acid,-0.118734543,-0.394054883,0.287135684,-0.288571914,0.589013546,2.477513128,-0.367705972,0.69417819,0.208233649,-0.866131959,-0.760173812,-0.193151861,-0.144403368,1.401547524,0.642893371,-0.043372875,-0.095597072,-0.45487427,-0.397336179,-0.340600986,0.476340386,-0.253492144,-0.369164549,-0.447770686,-0.24344075,-0.443810627,-0.613304302,-0.569963638
PYRIDOXINE,-0.311517851,-0.24664833,-0.281457199,-0.256205282,-0.269194674,1.616693361,0.993844754,1.473110251,1.150843306,0.438545556,0.665537132,-0.432170364,0.202605144,-0.198998097,-0.112480535,-0.332329878,0.084112281,-0.232415825,-0.224335408,-0.022267479,-0.248095736,-0.456182409,-0.321316821,-0.305951625,-0.378409983,-0.317460539,-0.314310666,-0.209847175
PYROCATECHUIC ACID,-0.313310505,-0.292561589,0.850185718,1.442698896,1.274385802,-0.583558055,-0.520209912,-0.707051985,-0.61644992,-0.684644531,-0.60555099,-0.478699982,-0.469341984,-0.49266993,-0.381120043,-0.43949687,-0.658349038,-0.599944941,-0.310478987,-0.412643901,-0.380525722,-0.469718616,0.538713233,0.708265771,0.657452549,0.753406373,0.591225396,0.504618222
Pantethine,-0.330056692,-0.380255125,-0.385361612,-0.43576337,-0.570075464,1.692127587,1.612623669,0.509787654,0.174812997,1.515377004,2.328136205,-0.482505549,-0.770163593,-0.776906454,-0.741427577,-0.482477149,-0.659359907,-0.712098228,-0.447243081,-0.597194005,-0.571914862,-0.505489337,0.678993142,0.527887472,1.036481465,0.79587568,-0.375096272,-0.224309331
Pantothenic acid,-0.267996126,-0.421774043,-0.427377792,-0.41858649,-0.506158334,0.856539127,0.316290668,1.559594564,-0.030158045,1.203053019,0.146764546,-0.399818966,0.447922389,0.573480744,0.443215282,0.567423124,0.409270003,0.333877133,-0.045177255,-0.135809269,-0.106341365,-0.416609765,-0.381811105,-0.423444954,-0.442221833,-0.448570502,-0.569314135,-0.594933033
Phenanthridine,-0.325357861,-0.339421184,-0.225070004,0.38374083,-0.166412316,-0.561153303,0.213606679,-0.557029967,2.673302003,1.179154214,-0.722541135,-0.435812092,2.91579687,-0.266872486,0.269693625,-0.16921747,-0.481640509,-0.454353234,-0.123299102,-0.055193884,0.01443934,-0.277714571,-0.504657045,-0.542724327,-0.526937125,-0.470035201,-0.271879985,-0.339563934
Phenylacetaldehyde,-0.329525192,-0.422448184,-0.497951184,-0.480812875,-0.597534517,-0.458581459,1.622447347,-0.583042129,-0.588151273,-0.701797958,0.945761158,-0.481738711,0.846265723,0.153191457,3.771589304,0.981495212,1.160472156,-0.565037296,-0.532924105,-0.651831823,-0.331573167,-0.504638962,-0.570937977,-0.63663457,-0.633619975,-0.620757174,-0.611431511,-0.620428643
Phenylalanine,-0.061426946,-0.043783336,-0.253500752,-0.287274214,-0.302117812,0.41840209,0.23827041,0.401588685,0.42904779,0.642030117,0.439513121,-0.06513132,0.133926149,0.139675762,0.189737368,-0.095504341,-0.157711757,-0.185108593,-0.155114547,-0.150466551,-0.158524879,0.032994279,-0.148641554,-0.134034343,-0.104910865,-0.13995785,-0.050675138,-0.000685821
Phosphocholine,-0.063515559,-0.36461507,-0.286252943,-0.285720766,0.049202175,-0.024000316,-0.142851481,1.151024849,0.946981579,0.014435946,0.402201958,-0.070706039,0.914282304,0.552165094,0.638587825,0.087675167,-0.405625189,-0.055515185,-0.182984049,-0.112226569,0.18377035,-0.090143914,-0.450843934,-0.545052602,-0.504901081,-0.488016356,-0.260877375,-0.39213462
Phosphonoacetic acid,-0.309773881,0.132867441,-0.157959287,-0.089900666,-0.144454441,-0.173317166,-0.246628446,0.104243445,-0.013181197,0.184790468,0.009860006,-0.467417888,-0.271729649,-0.052133387,0.025536566,0.373141613,1.120029524,0.82167091,0.499163695,1.061132557,0.858546467,-0.405221704,-0.578174783,-0.587920336,-0.540892012,-0.29780479,-0.130807607,0.025888525
Pimelic acid,1.098223723,-0.328727234,-0.469411319,0.205214742,0.345477258,-0.479541151,-0.467158158,-0.464321227,-0.594760563,-0.662405041,-0.532026815,1.175257354,-0.543656006,0.565319726,0.340701397,-0.432310913,2.62093571,-0.519604618,-0.393204043,1.030798006,-0.48396679,1.739113991,-0.400208235,-0.486315703,0.204134244,0.379354148,-0.489640237,-0.463246995
Pyridoxamine,-0.193664198,-0.349984845,-0.501877792,-0.485099721,-0.579252196,1.448204862,0.946184819,0.506090329,0.898502619,1.044233394,0.404942104,-0.225681144,0.118344614,0.261928684,0.083243719,0.102341538,0.852932684,0.02657673,-0.229636661,-0.211840723,-0.255444437,-0.407213937,-0.030273108,-0.582071891,-0.597899082,0.103620629,-0.418959565,-0.381739927
Pyroglutamic acid,-0.160536386,-0.187348071,-0.44076135,-0.458171661,-0.538909252,0.104121651,0.194151865,0.286688704,0.396238824,0.366122527,0.303026493,-0.316647216,0.251588635,0.18498106,0.155965565,0.228660784,0.793520731,0.376858254,0.339840957,0.445335908,0.317851572,-0.337887629,-0.369820038,-0.445511929,-0.482654906,-0.497728969,0.111245344,0.348860301
Quercetin-3-O-glucosyl-6''-acetate,-0.330044434,-0.452916116,2.61336437,3.265566838,2.449299206,-0.716802779,-0.640955003,-0.715545466,-0.769770093,-0.83937617,-0.560826063,-0.384085715,-0.727657848,-0.741146141,-0.702673632,-0.428308796,-0.723028667,-0.591270439,-0.547314532,-0.67113517,-0.263539262,-0.098633572,-0.025988617,0.163826991,0.222323609,-0.271047303,-0.636483307,-0.650204338
RETUSIN 7-METHYL ETHER,0.230310612,0.169948078,0.080415488,0.618124532,0.089218803,-0.522376799,-0.424246857,-0.230597113,-0.109974866,0.377487879,-0.032195702,0.728944528,-0.472933614,-0.443329971,-0.23706917,-0.090226756,-0.011226803,0.467455499,-0.329720178,-0.252976884,-0.466959365,0.828367046,-0.092193369,-0.107587981,-0.029382076,0.106056736,0.270887239,0.34122772
RUTOSIDE  (rutin),-0.32189901,-0.396971466,3.73293477,4.438597657,2.911835668,-0.711830903,-0.640973659,-0.71557385,-0.847078781,-0.910569874,-0.762851336,-0.47901478,-0.770166719,-0.776910915,-0.741430427,-0.566657159,-0.841166902,-0.712105266,-0.547330967,-0.671160735,-0.728060948,-0.49801202,-0.583107037,-0.651601944,-0.645677203,-0.637526239,-0.582580939,-0.517887007
Raffinose,-0.23670093,0.713690014,1.774065812,1.290046389,1.79896309,-0.669692545,-0.612338755,-0.678823407,-0.817816762,-0.887229135,-0.715542032,-0.252986492,-0.757189322,-0.749157542,-0.729694519,-0.527121447,-0.790240424,-0.664776356,-0.516466935,-0.626701686,-0.697731948,-0.331445835,0.232207513,0.290357239,0.32494067,0.324803406,0.949256159,0.909342822
Riboflavin,-0.33006202,-0.449837369,-0.491041511,-0.472741804,-0.583800808,-0.588558428,-0.562095946,-0.596498629,1.337237556,1.681778349,1.267375185,-0.48251331,2.248422741,1.719569202,1.940067562,-0.510508754,-0.65643601,-0.638873417,-0.213049337,-0.19984863,0.378108428,-0.505497616,-0.582518314,-0.652004151,-0.647255952,-0.639281315,-0.630993886,-0.644548385
S-Adenosyl-homocysteine,-0.312862748,-0.452683701,-0.534005397,-0.526277672,-0.633220086,0.268402884,-0.107537056,-0.628873078,-0.810759871,-0.875732645,-0.742293491,-0.430095243,2.625358138,1.097272015,4.572104802,-0.101166819,-0.401209401,-0.205004253,-0.380239193,-0.636085065,0.48423361,-0.487272019,-0.559557368,-0.628365938,-0.622370281,-0.614164963,-0.633217044,-0.645741307
Sebacic acid,-0.330060912,2.931985556,0.099073037,-0.184161856,0.355565554,-0.573632052,-0.640973245,-0.69069545,-0.828666578,-0.910570134,-0.762851388,0.47508176,-0.611533174,-0.714200465,-0.741430131,0.281661959,0.027361386,0.92105296,0.281627644,-0.109151817,-0.53109379,-0.057522767,-0.583106802,-0.652002614,-0.290683272,-0.639279647,1.380721562,2.486720857
Secoisolariciresinol,-0.247337737,-0.389487643,-0.271713653,-0.219725033,0.002908626,-0.654065636,-0.604870941,-0.71556136,-0.146285152,0.637263287,0.152406566,-0.396849822,1.427382925,0.341991225,0.372309921,0.077895269,0.221886117,-0.257519524,1.354032762,0.675136547,2.550734619,-0.33025518,-0.530673481,-0.651993859,-0.647692296,-0.569236341,-0.636490041,-0.650207766
Serine,-0.21936257,0.148525134,-0.390718215,-0.420158312,-0.453072047,0.682549854,0.744236034,0.446011958,0.470020774,0.524716242,0.538553645,-0.308499846,-0.004973737,0.477234195,0.411401402,-0.381240886,-0.530259063,-0.402956742,-0.455211999,-0.555078013,-0.395695787,-0.334246577,0.033991172,-0.070879454,-0.036601221,-0.074243776,0.391996206,0.318147267
Sinapic acid,-0.329117577,0.016587661,-0.37873753,-0.375277203,-0.58339353,-0.713588156,-0.639435831,-0.714491233,-0.841774333,-0.90829584,-0.760815247,-0.480315991,-0.545402728,-0.507867028,-0.447310301,-0.448683155,-0.614390818,-0.56790644,-0.405981578,-0.519767409,-0.589347756,-0.500231245,2.537133354,2.543498558,3.107182163,1.960246014,0.530539036,0.439072491
Sotalol,-0.328247516,-0.086843915,-0.299336898,-0.29076211,-0.503112322,5.302849808,3.202666325,1.796433101,-0.371792054,0.210596685,-0.276648153,-0.46924392,-0.757206435,-0.768649005,-0.600995993,-0.393726708,-0.14635096,-0.590622307,-0.475866252,-0.571277354,-0.613264627,-0.502462572,-0.329469541,-0.332529011,-0.308200898,-0.193424669,-0.2327578,0.033976988
Spermidine,-0.078406028,-0.306218618,0.02127564,0.003779514,0.006754962,0.266063402,0.163976192,0.370783496,0.585542029,0.320888348,0.416840706,-0.086874912,-0.146471473,-0.092197232,-0.104621235,-0.003275981,0.162661791,0.086260324,0.189455245,0.407334939,-0.090457725,-0.103279536,-0.118715413,-0.261796187,-0.111112974,-0.060407819,-0.37257348,-0.44523167
Spermine,-0.321360456,-0.45293114,-0.33131143,-0.331757183,-0.355521698,0.87444809,0.604846468,2.157469252,1.174271639,1.002429932,0.907095953,-0.444749567,-0.010390982,0.198188349,-0.117315635,0.170027503,0.749699835,0.164892926,0.103248725,0.137127188,0.01336777,-0.329826851,-0.583052323,-0.652003086,-0.64770277,-0.639280263,-0.609416875,-0.620900581
Succinic acid,-0.079997265,-0.344244482,-0.486618657,-0.484871422,-0.549526072,0.299338245,-0.000350705,0.228643173,0.24598619,-0.00524555,-0.168513753,-0.221584768,0.921097246,0.859727507,0.944869854,-0.228906429,-0.055457114,-0.106037564,0.875463213,1.118067418,0.882666678,-0.041865116,-0.560512991,-0.630154892,-0.623049311,-0.615136817,-0.452023638,-0.48220469
Sucrose,-0.100302204,0.086328026,-0.445009554,-0.291962247,-0.281705457,0.390060737,0.480496419,0.902905014,-0.603019317,-0.743462653,-0.32008754,-0.178821887,-0.751965412,-0.752352871,-0.723421625,-0.342095681,-0.472259265,-0.357680369,-0.502928229,-0.593705323,-0.714120473,-0.21230678,2.189591007,2.386689269,-0.610751308,2.350658402,0.11839333,0.120497825
Syringaldehyde,-0.248259458,0.493529186,-0.097871717,-0.085917661,-0.093253974,-0.627547504,-0.579017416,-0.631782171,-0.676502442,-0.766203191,-0.642794649,-0.476715154,-0.703079694,-0.130171764,-0.17135554,-0.286151694,-0.465627033,-0.513863679,-0.381292572,-0.353854866,-0.428736582,-0.363326778,0.824434387,1.373323773,1.283622816,1.52626748,0.939409391,1.385893856
Syringic acid,-0.327315104,-0.418140742,-0.499162897,-0.499544902,-0.576038657,-0.61357803,-0.5921237,-0.666901227,-0.790426323,-0.760024084,-0.692461824,-0.482512941,-0.64142926,-0.697253281,-0.639798671,-0.381545515,-0.392631569,-0.580128812,-0.417720363,-0.530171595,-0.359915343,-0.505497175,3.094030031,3.541503604,2.982258312,3.273320557,-0.572484183,-0.584068146
TRYPTOPHAN,-0.179645702,-0.000426876,-0.311654184,-0.359567074,-0.358062158,0.012264108,-0.14519213,-0.141783023,0.241810853,0.413890986,0.103511491,-0.31398635,0.395919849,-0.116763059,0.044221314,-0.178542016,-0.26344412,-0.23570166,0.166721094,0.37467319,-0.091633495,-0.275708253,0.243793241,0.341998437,0.331207612,0.356271788,0.140148959,0.07995598
Thiamine,0.89469385,0.322743015,-0.536279571,0.524833177,1.325190191,-0.601435315,-0.554958539,-0.494515332,-0.248366471,-0.445474393,-0.274746563,1.533486975,0.309355813,-0.141932248,-0.10649039,-0.075387179,0.312275786,0.372327989,-0.412423768,-0.487667832,-0.238753426,1.435239643,-0.575455737,-0.643129755,-0.637853186,-0.626265055,0.128519548,0.373025439
Thiazolidine-4-carboxylic acid,-0.31671828,0.322873238,-0.522303641,-0.505038103,-0.632768116,-0.532030454,-0.361788932,1.244433688,1.761334851,1.861265766,1.64114657,-0.458055409,-0.328615916,0.311212453,-0.238857327,-0.441996424,-0.517469392,-0.524425733,-0.075740861,-0.252011357,-0.473170976,-0.488021945,-0.091100508,-0.141051021,-0.068873092,-0.093401678,0.684897029,0.798575513
Threonine,-0.304365734,0.005252739,-0.43433117,-0.442529861,-0.48203508,1.303433951,0.729845608,0.50838708,0.837002027,0.725710969,0.626613923,-0.438988661,0.39231301,0.312924758,0.247110594,-0.207507996,-0.469599959,-0.273791005,0.003850946,-0.245387038,-0.149164665,-0.454934581,-0.304708772,-0.401279389,-0.412949987,-0.368036423,0.077448405,0.118513987
Thymidine-5'-monophosphate,-0.293845702,0.106007901,-0.404602027,-0.456609561,-0.474388898,-0.544930254,-0.617260817,-0.628036041,-0.786991904,-0.861124801,-0.690293329,-0.399080214,-0.720731863,-0.775415013,-0.708667843,2.044097263,3.473518922,3.241077425,0.37359654,0.381158345,2.681793002,-0.468271695,-0.583107615,-0.646169208,-0.640092028,-0.628667322,0.533177586,0.253190585
Thymine,-0.250427546,0.109261205,-0.450918762,-0.458975744,-0.484610722,3.114761266,0.880964436,-0.496864381,-0.662560119,-0.729821889,-0.627365856,-0.348407922,-0.399039978,0.536639973,-0.470570976,1.847557111,1.862689532,0.021712465,0.11844596,1.119356507,-0.331166949,-0.387979822,-0.505045279,-0.539084143,-0.600731772,-0.594021593,-0.407678561,-0.42901745
Trehalose-6-Phosphate,-0.263147934,-0.45292999,-0.393256023,-0.394805459,-0.413132347,1.089332545,-0.064432481,0.415485601,3.500365838,3.308758925,3.058975304,-0.431319873,-0.663128546,-0.357400044,-0.690113007,-0.292576092,0.129501707,0.17853229,-0.329815387,-0.477970534,-0.322035818,-0.338836706,-0.32581579,-0.410839159,-0.387587964,-0.482244126,-0.369654623,-0.564636225
Triptophenolide,2.158608254,-0.213990182,-0.327247157,-0.307683364,-0.360876827,-0.377214964,-0.311332789,-0.236957789,-0.403980819,-0.348307268,-0.327705617,0.045077133,-0.490120934,-0.518543302,-0.51798497,-0.366052261,-0.428927212,-0.209674469,0.890525237,-0.21551487,-0.301453331,-0.074940723,1.380221806,-0.362224077,-0.385668076,1.587105332,-0.376460057,1.509685874
Tryptamine,-0.310174021,-0.400790116,-0.483917674,-0.45398714,-0.544489487,-0.619862535,-0.593142998,-0.651957173,-0.678328139,-0.654756902,-0.630672476,-0.451712858,-0.716843294,5.349970617,5.92074082,-0.550610056,-0.841168428,-0.712106585,-0.547331982,-0.671162027,-0.728062063,-0.465597862,-0.5778621,-0.646953258,-0.640265876,-0.637504143,-0.536094548,-0.578128798
Tryptophan,-0.115514323,0.132359757,-0.151711177,-0.198612899,-0.097644637,0.013336167,-0.206367612,0.007468768,0.215341385,-0.221179727,0.465364785,-0.1808874,0.231001098,0.267749649,0.030481406,-0.251432802,-0.336428034,-0.53220657,0.193114038,-0.320516687,-0.102743711,-0.105722057,0.250948619,0.268340342,0.298220116,-0.05859464,0.142701624,0.103425261
Tyr-Tyr,-0.241859959,1.554386325,0.052491053,-0.263700387,-0.348001116,-0.67462746,-0.452410938,-0.656931619,-0.722414326,-0.332690327,-0.646436243,-0.284336206,-0.324214602,-0.334783496,-0.337639426,-0.269624211,-0.323091191,-0.038715219,-0.380486892,-0.442023508,-0.566266,-0.292927408,-0.100037199,-0.121261526,-0.068100475,-0.170977441,3.523158564,2.52719729
Tyramine,-0.330062061,-0.452931897,-0.548736192,-0.540514932,-0.641863633,-0.679893126,-0.556871547,-0.706370371,-0.836010384,-0.836874253,-0.735650763,-0.482513346,2.119450835,0.857132541,7.695518352,-0.546795495,-0.813676216,-0.691650941,-0.542283257,-0.671162266,-0.08257451,-0.505497658,-0.583108039,-0.652004174,-0.647703954,-0.639281347,-0.636501889,-0.6502246
Tyrosine,-0.132825304,0.005809383,-0.227216465,-0.226057941,-0.184386081,0.491746336,0.499305643,0.24054977,0.035070196,0.075041713,-0.040173291,-0.079504861,0.343681474,-0.14516359,-0.083375413,-0.18626599,-0.19805067,-0.168509872,-0.154004297,-0.158633159,0.266828038,-0.126533708,0.101696711,0.031772628,0.045074834,0.007465862,0.035157528,0.166218062
UDP-D-glucose,-0.330056936,-0.452928864,-0.546583679,-0.540511584,-0.641859931,-0.716816707,-0.640970349,-0.715569467,-0.84707576,-0.78468738,-0.76284712,-0.482507306,1.229534592,0.494765076,0.38031976,0.954680044,4.990683984,5.402063261,0.166304835,-0.241494354,0.341095751,-0.505490828,-0.583104552,-0.651999046,-0.647697948,-0.639276518,-0.636497041,-0.650219692
Uracil,-0.277264481,-0.433374023,-0.172689257,-0.333315908,-0.260849145,0.33507265,0.304403412,0.633356047,0.057715075,-0.017829202,-0.1737896,-0.422916834,0.44075355,1.048117833,1.730846545,-0.296714071,-0.259107848,-0.211033635,-0.111236912,0.317387309,1.296523273,-0.472066728,-0.508883311,-0.555973356,-0.563283193,-0.553364062,-0.560071646,-0.576361965
Ureidoglutaric acid,-0.226929249,-0.350461205,-0.528692875,-0.537346491,-0.608058592,-0.459387631,-0.354062417,-0.59644354,-0.727091494,-0.760375378,-0.633025589,-0.349396941,-0.569987598,-0.620045931,-0.609845329,-0.401441657,-0.551537331,-0.460573051,4.939279144,7.085626454,2.619704348,-0.343828829,-0.573586964,-0.647178474,-0.64184114,-0.63108059,-0.552341387,-0.544103617
Uridine,-0.290097955,-0.427758421,-0.250864242,-0.327795789,-0.303580888,-0.412397615,-0.350620148,-0.15789197,-0.447064627,-0.649623857,-0.501986563,-0.421729452,-0.308844588,0.570787658,0.848444152,0.726617118,1.64819905,1.720441661,0.670538549,1.164270132,1.456406807,-0.425097732,-0.465718725,-0.504490519,-0.494687579,-0.464383874,-0.580750624,-0.598499723
Uridine 5'-diphosphate,-0.305561148,-0.408602758,-0.346491502,-0.388908649,-0.442649335,-0.4550263,-0.40130723,-0.426022165,-0.752506378,-0.726590994,-0.672141875,-0.441592522,-0.331927404,-0.631582812,-0.157629504,0.311364093,2.553982767,2.47704847,3.112765974,1.756254854,2.426198924,-0.475346027,-0.583107412,-0.652003436,-0.628223909,-0.639280392,-0.590831879,-0.6187253
Uridine 5'-diphospho-N-acetylglucosamine,-0.330061104,-0.452931189,-0.510074316,-0.524963854,-0.641862831,-0.673848399,-0.640973705,-0.594417928,-0.586544358,-0.753564353,-0.090982106,-0.482511993,0.401359312,0.52040149,0.176174952,1.299753828,2.157919084,2.209295253,2.440555974,0.811237646,1.111659196,-0.505495983,-0.559745355,-0.65200306,-0.583171073,-0.618858842,-0.636500996,-0.65022352
Uridine 5'-monophosphate,-0.319146598,-0.430637207,-0.465801969,-0.47849891,-0.549404771,0.021994523,0.436736624,1.031986216,-0.394507845,-0.659584666,-0.388223634,-0.424799064,0.552269981,0.193039719,0.306796674,0.7360766,1.316989704,1.398519805,0.616527936,0.68040036,1.782721127,-0.476733834,-0.561205021,-0.627122136,-0.622971445,-0.614281063,-0.618975411,-0.621014311
Valine,-0.326403481,-0.362522403,-0.296047929,0.060995016,0.226684873,0.235069977,0.477538073,0.787719588,0.753670927,1.186772891,0.787236936,-0.426016174,0.029929773,0.092747191,-0.055044247,0.457428033,1.053553653,0.525258999,-0.261840854,-0.429576878,-0.443748008,-0.441119675,-0.565638676,-0.290283881,-0.627069424,-0.618796113,-0.222656069,-0.302065657
Vanillic acid,-0.32867821,-0.43121978,-0.025044459,-0.434078325,0.074378159,-0.424584344,-0.492913355,-0.584585638,-0.685016189,-0.584122734,-0.589494746,-0.466812399,-0.68512755,-0.694281933,-0.660670398,-0.249409832,0.184432467,-0.339311454,-0.3995033,-0.55141148,-0.459676256,-0.499489321,1.934462738,2.160122043,4.304986578,1.95454463,-0.527584991,-0.607856379
Verbascose,0.454609009,2.098712077,-0.139836279,0.027486568,0.188656227,-0.716820305,-0.640973682,-0.715573657,-0.847078864,-0.910569616,-0.76285123,0.736005723,-0.743411907,-0.646891971,-0.684551044,-0.019688094,-0.106907145,-0.111576054,-0.163653227,-0.58456257,-0.728060553,0.529077318,-0.542753256,-0.537005954,-0.395903978,-0.543547149,3.003174743,3.082502799
Xanthosine,0.070012918,-0.452930766,2.099190587,2.076144882,1.880632612,0.493600533,-0.150482802,-0.593462198,-0.795175815,-0.887352495,-0.672828018,0.182941442,-0.758361323,-0.696542553,-0.686912607,-0.425329243,-0.760672629,-0.696684491,-0.450044254,-0.408950416,-0.709739102,-0.106653615,0.287852476,0.353466352,0.242020744,0.108253716,-0.623241583,-0.650222982
Xanthosine (Not validated),0.008304701,-0.448595981,1.852644164,2.394059628,1.675641718,0.556984335,-0.051924625,-0.585543983,-0.762452441,-0.80414348,-0.759768146,0.126820438,-0.731474405,-0.65391587,-0.668417353,-0.566657723,-0.753754032,-0.701221605,-0.43404097,-0.356592584,-0.6789293,-0.081148884,0.240698088,0.293164894,0.195904067,0.264828955,-0.616126068,-0.622197926
Xanthurenic Acid,0.14279206,-0.30992094,-0.243489419,-0.260781463,1.03221364,0.297064537,-0.326864578,-0.33751561,0.807350522,0.710825232,-0.249344475,0.482313563,1.285010476,1.296043831,0.791907601,-0.396779152,-0.579355953,-0.598255367,-0.473920693,-0.543511809,-0.333900575,0.555347073,-0.480739839,-0.491311365,-0.509393345,-0.623653707,-0.444288587,-0.465116972
Xylitol,-0.215441595,-0.387365651,-0.202200119,-0.189587165,-0.30678744,0.287720187,0.130792043,0.358174667,0.667030651,0.662181492,0.489295825,-0.318252312,0.007820768,0.380771297,0.400099004,-0.081819031,0.198800699,0.142997149,0.300457927,0.497146428,0.391028831,-0.307436332,-0.288067681,-0.295327116,-0.320677236,-0.262362365,-0.537695486,-0.545046417
Zeatin,-0.330061985,-0.452931813,-0.545149619,-0.528362271,-0.63927547,-0.530448717,-0.376614833,-0.294094231,-0.710372443,-0.016604109,-0.709029337,-0.47834846,9.41625107,-0.20050826,-0.55870965,-0.53787995,-0.721380784,-0.709426878,-0.282299826,-0.602096474,2.882714777,-0.503178865,-0.58310795,-0.651255622,-0.646422552,-0.639281261,-0.636501812,-0.650224492
"[(4R,5S,6R,6aS,7R,10aR,11bR)-5-acetyloxy-6-hydroxy-10a-methoxy-4,7,11b-trimethyl-9-oxo-1,2,3,4a,5,6,6a,7,11,11a-decahydronaphtho[2,1-f][1]benzofuran-4-yl]methyl acetate",0.206751833,0.038415802,-0.177482919,-0.079655174,-0.032051277,0.065624277,0.001815031,0.160397027,-0.053176993,0.127559544,0.091484995,0.572343702,-0.315402362,-0.294455077,-0.304868683,-0.08699657,0.081978384,0.183874154,0.07288072,0.181180926,0.019596486,0.555844231,0.05311566,-0.134387885,0.056007574,0.014467593,-0.138684658,0.034820083
[5-acetyloxy-3-(hydroxymethyl)-2-oxo-6-propan-2-ylcyclohex-3-en-1-yl] 3-methylbutanoate,0.522479146,0.339362156,0.022184924,0.208638998,0.111757639,-0.406137042,-0.402088539,-0.43401041,-0.829021706,-0.910559007,-0.495756284,0.8277659,-0.558669998,-0.610066511,-0.567148384,0.32975282,0.578759923,0.852081291,0.395913775,0.49154221,0.097351599,0.736634326,-0.098097552,-0.050406554,-0.494452935,0.029207002,0.29053145,0.444054931
"alpha-D-Glucose-1,6-diphosphate",-0.236074281,-0.43805591,4.408426765,2.10434303,3.242586075,-0.704899873,-0.638526088,-0.710702109,-0.798183261,-0.869936987,-0.682096933,-0.411596792,-0.7569385,-0.774637517,-0.733176625,-0.548784467,-0.811686206,-0.651425028,-0.537753633,-0.664632084,-0.698599194,-0.349018082,-0.383166639,-0.447608637,-0.244437135,0.118418251,-0.469683452,-0.559707762
beta-Nicotinamide adenine dinucleotide,-0.330057911,-0.452929547,-0.548733483,-0.540513048,-0.641861056,-0.716818211,-0.640970876,-0.715570431,-0.847075528,-0.910566069,-0.762848303,-0.482508512,4.624278848,2.986071133,3.324148602,-0.566655407,-0.841162623,-0.712101929,-0.547328445,-0.67115681,1.025683029,-0.505491306,-0.583104526,-0.652001441,-0.64769938,-0.639276939,-0.636498453,-0.650221033
dihydroferulic acid,-0.287202449,-0.406213082,-0.37523993,-0.358891559,-0.271811854,0.328431619,0.423263241,0.374908209,1.162381074,1.403755241,0.461079596,-0.475585664,-0.52581442,-0.549248217,-0.57504968,0.470813373,0.835996968,4.964618421,-0.323677494,-0.368194057,-0.172213728,-0.481839313,-0.230120296,-0.26891867,-0.214849591,-0.615563396,-0.600526928,-0.645515291
esculetin,-0.330054199,-0.436368556,-0.215922468,-0.112349577,-0.175981503,-0.694400365,-0.624595416,-0.69145291,0.069621316,-0.877349791,0.095500192,-0.482502334,2.021090604,2.225390737,1.225212904,0.048466403,-0.253578732,-0.471203892,0.847164559,0.41953738,0.801846002,-0.505485318,-0.583100599,-0.651997506,-0.630436001,-0.554412762,-0.595612188,-0.626646606
feruloyltyramine,-0.330060967,-0.452930689,-0.548735384,-0.540514131,-0.283087655,-0.573104484,-0.640973318,-0.71557397,2.375916752,2.336748171,2.172985219,-0.482511561,-0.364162725,-0.457947988,-0.482797142,3.161438773,0.992716408,2.940531788,-0.4811571,-0.566087706,-0.548290745,-0.505495049,-0.583106639,-0.652002714,-0.647702495,-0.63927965,-0.636500209,-0.650222738
gamma-Glutamylglutamine,-0.102638154,0.29096563,-0.181010739,-0.203493109,-0.234372568,-0.276624592,-0.271118575,-0.150834463,0.268486452,0.207941771,0.159556233,-0.231085102,0.28489487,0.269222499,0.12855137,0.014455072,0.06739274,0.171193841,0.245228257,0.363961764,-0.011658734,-0.220784567,-0.389997028,-0.412743987,-0.3508445,-0.377080271,0.434542156,0.657348899
gamma-Glutamylleucine,0.121917986,-0.339199588,0.101165338,-0.230573141,-0.435737941,-0.060818775,0.064467301,0.10837496,0.364223017,-0.419277691,-0.510914929,0.533823456,-0.249853959,0.082899395,0.0593126,0.744662183,1.090808748,0.393283407,0.064123587,0.051083147,0.147485575,0.316238106,-0.47110855,-0.454382557,-0.519806447,-0.448953128,0.990807002,-0.439290101
gamma-Glutamyltyrosine,0.730600911,0.036784069,-0.267913364,-0.314977314,-0.280452841,-0.461300267,-0.435572151,-0.471694523,-0.592418256,-0.596188794,-0.519987283,1.335745501,-0.349766917,-0.281285068,-0.361100784,0.020093896,-0.167163152,0.145137177,-0.036528992,-0.05190208,-0.362651989,1.330503778,0.446583767,1.023557094,0.679218859,0.366270317,0.038177333,0.134608379
genistin,-0.330058441,-0.339477401,-0.540182463,-0.527140757,-0.607749453,-0.706046207,-0.625834717,-0.677837556,-0.832460688,-0.893590641,-0.418700334,-0.401134147,-0.762582319,-0.684411453,-0.64834737,-0.475648379,-0.71219157,-0.712101226,-0.495693598,-0.642274495,-0.599294855,-0.484287944,2.567188473,3.610370387,3.068152081,4.712623136,-0.508281347,-0.577500289
hydroquinidine,0.228421889,-0.063847438,-0.199775309,-0.192887647,-0.107396313,0.001492712,0.010147722,0.185630068,-0.053974191,-0.173035042,-0.007050272,0.37388316,-0.148644627,-0.168654715,-0.275300138,-0.010983115,0.233676672,0.026418336,0.127929771,0.09497975,0.029351919,0.608066146,-0.091633272,0.064626877,0.040160203,0.091410216,0.058303212,0.120984348
isoimperatorin,0.547510447,0.163548814,-0.089815786,-0.162622146,0.36979598,-0.524040614,-0.640973116,-0.715573327,-0.72605215,-0.910568889,-0.748848784,1.015798477,-0.66654155,-0.671939559,-0.741429577,0.731256837,1.282193888,1.773829592,0.319663919,0.447242018,-0.108632169,1.601030457,-0.433246114,-0.120788459,-0.282404758,-0.296910768,0.280418899,0.770485094
kaempferol 7-neohesperidoside,-0.330057554,-0.41121438,3.92691952,4.207113154,2.916521486,-0.716815927,-0.640970751,-0.715570468,-0.845565482,-0.910565057,-0.762847089,-0.482507558,-0.769253112,-0.776908804,-0.739930608,-0.540177297,-0.822632981,-0.712101089,-0.547328267,-0.671158187,-0.686610377,-0.505490951,-0.55589531,-0.634943378,-0.606879533,-0.63396163,-0.593299604,-0.600311656
naringenin,-0.326103005,-0.452930471,-0.539569711,-0.512999904,-0.638565989,-0.71681879,-0.640972892,-0.713251923,-0.326574071,0.330814627,-0.096800146,-0.482511083,1.767188857,4.076412034,2.590818305,-0.314975903,-0.609285318,-0.674261848,-0.018588742,-0.224757583,0.328490418,-0.50344069,-0.583106005,-0.649101064,-0.618102153,-0.62976809,-0.346784038,-0.650222859
rac-Glycerol 3-phosphoate,0.621049035,-0.226198181,-0.400767223,-0.42915503,-0.497080493,0.505144936,0.026202644,-0.042684855,-0.380491216,-0.48658731,-0.276989546,0.549452251,1.296323217,0.476866115,1.609511065,-0.297772208,0.236582701,0.314930221,-0.093852629,-0.260974028,-0.18619385,0.869334717,-0.487440198,-0.568647108,-0.572766925,-0.571477569,-0.384394238,-0.415091553
rubiadin,-0.324481926,-0.434024431,-0.255585925,0.935191646,-0.59280612,-0.642200872,-0.626151469,-0.696269412,-0.841881341,-0.908727606,-0.760599916,-0.48250783,-0.76558755,-0.772494159,-0.736411455,-0.564326715,-0.835240015,-0.708234789,-0.531854146,-0.664874293,-0.718973548,-0.504248045,1.722470681,2.910312728,2.479256205,3.132526367,1.65885692,-0.620305131
sn-Glycero-3-phosphocholine,-0.247485953,-0.402192898,-0.398720725,-0.383237757,-0.378606196,0.922770757,0.514000807,1.085169658,0.060723556,0.603871102,0.208134341,-0.347135761,1.34285326,1.295396665,0.977292727,-0.424900193,-0.527509558,-0.311136631,-0.281846855,-0.271163466,0.516201714,-0.344958647,-0.502289154,-0.568132559,-0.549137153,-0.529207354,-0.589507492,-0.592642209
trans-4-Coumaric acid,-0.310270366,-0.207138756,1.321731985,1.183017843,1.42305882,-0.229300244,-0.144427074,-0.143591315,-0.415098294,-0.500339522,-0.426651085,-0.459745748,-0.474156207,-0.447679619,-0.387592041,-0.43224268,-0.513942838,-0.649191103,-0.427042498,-0.534920687,-0.26154259,-0.477442642,0.457003065,0.645285208,0.549155465,0.324014832,-0.273415157,-0.211307267
zinniol,-0.008039732,-0.178029163,-0.27519819,-0.154778601,0.136365171,0.148691026,-0.049621616,0.548344057,0.701009603,0.36667667,-0.035898875,0.013091168,-0.214592414,-0.377611109,-0.096375036,-0.088768254,-0.280486197,0.379647498,0.249136643,0.372339826,-0.379145636,-0.124966528,-0.03948294,-0.222380178,0.128219631,0.142392395,0.27815743,-0.111159801
